,Ticker
0,CD
1,FIXX
2,STR
3,ETD
4,AVNW
5,POOL
6,NSP
7,MTA
8,MLAB
9,KIDS
10,NEOV
11,STIM
12,GNSS
13,AUGX
14,MHLD
15,TRST
16,FREY
17,FMAO
18,AVAL
19,ZBRA
20,CZNC
21,FMS
22,MDT
23,CBD
24,VBNK
25,ITOS
26,CHT
27,KFY
28,WDFC
29,CASA
30,MPAA
31,JAZZ
32,NYXH
33,AGRO
34,GIFI
35,ABG
36,PRTG
37,ACM
38,BZFD
39,FFBC
40,VIGL
41,SJR
42,NRC
43,ALEX
44,INTG
45,UTI
46,WEAV
47,WERN
48,RVP
49,PAM
50,MLVF
51,CSWI
52,SWN
53,TCBK
54,AJX
55,TCX
56,GCT
57,MICT
58,STKS
59,CSCO
60,UHAL
61,CPB
62,HIG
63,SKYW
64,PASG
65,ANEB
66,BKSC
67,VZLA
68,LOW
69,BHIL
70,CDZI
71,JEF
72,DLX
73,DBRG
74,VRA
75,AESC
76,PARAP
77,ROL
78,CGA
79,NGS
80,CTV
81,CRD-A
82,CDLX
83,PDSB
84,SMR
85,PDCE
86,SCVL
87,SYY
88,ZEV
89,CJJD
90,EARN
91,ENFN
92,HY
93,BAX
94,SVRA
95,NEE
96,LBC
97,DCGO
98,VALE
99,VAXX
100,ESAB
101,IDXX
102,GET
103,BODY
104,OCFT
105,IOSP
106,EMBK
107,CNQ
108,DGII
109,PENN
110,MS
111,BKI
112,GBIO
113,EMKR
114,LTC
115,IE
116,XYL
117,JD
118,SUN
119,BEPC
120,REKR
121,APP
122,OLP
123,DKL
124,AIP
125,RELL
126,KROS
127,SCTL
128,VFC
129,KAI
130,PHM
131,AYX
132,FIS
133,IPSC
134,RNW
135,ACI
136,MUSA
137,WAFD
138,TAL
139,USNA
140,ZUMZ
141,MOFG
142,XOMAO
143,LCUT
144,AUR
145,NN
146,INTR
147,PFSI
148,OTTR
149,LCID
150,SEAS
151,CCM
152,INFY
153,STNG
154,DIT
155,WLFC
156,RC
157,SONX
158,FXLV
159,ARHS
160,VLGEA
161,ARKO
162,CLSK
163,ESRT
164,LH
165,LECO
166,DUK
167,PBH
168,NVS
169,AMPL
170,NUVL
171,GTH
172,OXM
173,SJT
174,BDTX
175,NTES
176,BF-B
177,BNTX
178,MCHP
179,SLS
180,LEN
181,MSC
182,KLAC
183,ACET
184,SIRI
185,RELI
186,CCNE
187,IDT
188,GMS
189,XMTR
190,EGHT
191,DNOW
192,XBIT
193,VRAR
194,SUP
195,SASR
196,CCRD
197,WISH
198,TMC
199,KEX
200,ETR
201,WSR
202,NAUT
203,GIC
204,ACB
205,CLBT
206,CIGI
207,CVX
208,PLX
209,NRT
210,ANIP
211,BOC
212,EXP
213,AUBN
214,FE
215,YUM
216,AOMR
217,NVCR
218,WSM
219,PAHC
220,ALL
221,FRBK
222,SBLK
223,TACT
224,TGNA
225,VHI
226,ZEPP
227,PLAB
228,SCLX
229,ZOM
230,BSMX
231,AMBP
232,GFI
233,GDYN
234,ALGM
235,NI
236,TCRR
237,HRTX
238,PACB
239,ACNB
240,CACO
241,ROKU
242,CERT
243,CMTG
244,KMPH
245,BILL
246,RS
247,HAIN
248,BSBR
249,VABK
250,TNL
251,APPN
252,HLX
253,TPB
254,PAYS
255,AVY
256,LILAK
257,SKT
258,RUSHB
259,HLI
260,MRNS
261,SYRS
262,AKBA
263,SIM
264,DSWL
265,JMIA
266,RPRX
267,TARS
268,VCSA
269,LYTS
270,CNC
271,CMG
272,HES
273,PBF
274,GPOR
275,PRDO
276,TRVG
277,EDRY
278,SNEX
279,PFE
280,ONTF
281,BGFV
282,MYPS
283,BEST
284,IIIN
285,GRND
286,SRE
287,LPX
288,EQC
289,CECO
290,PH
291,CCO
292,AZEK
293,ZI
294,CBAN
295,CLH
296,FRME
297,CRSR
298,ETON
299,XRAY
300,FORTY
301,NET
302,CAR
303,ENS
304,COOK
305,VACC
306,KOP
307,MX
308,PL
309,AZRE
310,SLDB
311,SCHL
312,KMI
313,POR
314,AVNS
315,BANC
316,EL
317,STRL
318,CORT
319,GPS
320,EMBC
321,RENT
322,TNYA
323,YI
324,DOCU
325,ODP
326,ACCO
327,MBINM
328,BEDU
329,MNSO
330,TRNS
331,UDMY
332,FSBW
333,ALGN
334,CLMT
335,CTRE
336,GL
337,RVLP
338,PLXS
339,SPTN
340,RPM
341,PFSW
342,OZKAP
343,VNCE
344,NTZ
345,VMEO
346,IMMP
347,D
348,FCUV
349,BRKL
350,CZR
351,TTD
352,SLGL
353,UNM
354,NBTB
355,MOGO
356,ENPH
357,HCAT
358,TK
359,EPOW
360,LVO
361,KBR
362,HTZ
363,STRS
364,ROVR
365,SID
366,SA
367,THRD
368,AGM
369,TFIN
370,SPT
371,CDW
372,WFG
373,GBLI
374,KMT
375,CSR
376,DMS
377,MD
378,FAT
379,CANG
380,CASS
381,FNV
382,VICR
383,COHU
384,JOUT
385,COMP
386,WF
387,NWFL
388,TMST
389,MRTX
390,UHS
391,FEIM
392,AKTS
393,PDD
394,CASY
395,VERX
396,GPN
397,CMPR
398,IRM
399,VATE
400,MET
401,WNS
402,NPK
403,DRCT
404,EPM
405,FAF
406,MPB
407,CVCY
408,UMPQ
409,GERN
410,RTO
411,CIVI
412,PRME
413,JNPR
414,PLUG
415,GM
416,UNP
417,COOP
418,VITL
419,SKYX
420,KPTI
421,CRC
422,LIN
423,MKFG
424,FKWL
425,RCII
426,UBCP
427,CMPO
428,AXR
429,SFNC
430,TT
431,OPAD
432,CVGW
433,NFE
434,GGB
435,ANNX
436,BILI
437,HBT
438,AVIR
439,BCBP
440,EAF
441,GATX
442,GDRX
443,ANTX
444,CSL
445,QCOM
446,WNC
447,QFIN
448,J
449,FUN
450,QUBT
451,CHH
452,ANIK
453,AVA
454,IIIV
455,PBYI
456,CVNA
457,U
458,CIO
459,GAU
460,TDS
461,NATR
462,BALL
463,EPC
464,MLI
465,DGX
466,HSKA
467,UBER
468,CNHI
469,ELA
470,KODK
471,PFBC
472,WCN
473,PRTA
474,IMTX
475,XP
476,AY
477,VMI
478,JXN
479,CE
480,SDRL
481,HLMN
482,AMOT
483,SOI
484,BYD
485,MODN
486,ESI
487,KO
488,PKE
489,WPP
490,PAGP
491,EBC
492,ARKR
493,OHI
494,AGR
495,SELB
496,GSBC
497,PEPG
498,ASAN
499,IBOC
500,TNXP
501,NVR
502,TDW
503,PLYA
504,SYNA
505,AM
506,CSTR
507,GMED
508,BARK
509,SEVN
510,NNBR
511,CHD
512,SCPH
513,IIVI
514,GOOD
515,MBIN
516,VPG
517,AUTL
518,KLTR
519,WRLD
520,EM
521,NBHC
522,BWB
523,UTRS
524,MMS
525,PRE
526,WTFC
527,PRST
528,CTRN
529,ZGN
530,AREC
531,MWA
532,CIEN
533,NFGC
534,RCI
535,AFBI
536,TALK
537,AGNC
538,CNNE
539,CLDX
540,OBNK
541,USPH
542,ALGT
543,SURG
544,CLNN
545,CPHC
546,LESL
547,HBIO
548,AREN
549,HUBB
550,HBI
551,OPNT
552,XLO
553,VOXR
554,FF
555,TKC
556,INGR
557,DKS
558,INDI
559,VIAO
560,BGS
561,RIOT
562,UNIT
563,CRWD
564,DLR
565,AZN
566,BYFC
567,FFNW
568,PNM
569,MTRX
570,ARLO
571,BWFG
572,ESP
573,CEVA
574,WEN
575,IMCR
576,DCP
577,IBP
578,ICLR
579,SOND
580,ZWS
581,OLED
582,PEB
583,GNTA
584,BTU
585,ARBE
586,TEVA
587,PNT
588,ESQ
589,ECVT
590,PLD
591,MAXN
592,FTAIN
593,SBNYP
594,MVIS
595,SBSI
596,NE
597,GLOB
598,NBIX
599,NVST
600,GB
601,FORG
602,SSL
603,DRRX
604,BRT
605,ACA
606,CCRN
607,CERS
608,NDLS
609,AMWD
610,GALT
611,CMT
612,DAR
613,TDUP
614,HBANP
615,MOR
616,EGLE
617,CPSS
618,SCS
619,ETRN
620,GVA
621,FDP
622,FORM
623,LOGI
624,KOF
625,FEAM
626,TGLS
627,APE
628,LOAN
629,OPEN
630,WFRD
631,NIC
632,RFP
633,FWRG
634,WABC
635,SLB
636,OXY
637,GRMN
638,TRDA
639,AER
640,ANDE
641,BRY
642,IRT
643,SANA
644,OSPN
645,LBAI
646,FRBA
647,LNTH
648,NAAS
649,ABR
650,AXL
651,TIGO
652,LILA
653,STGW
654,CFB
655,ADEA
656,HUIZ
657,TARO
658,PTCT
659,ULH
660,KHC
661,VST
662,INDO
663,ENSG
664,ATY
665,QSR
666,MMSI
667,PTRA
668,MLGO
669,SAL
670,FTI
671,TTEK
672,IOVA
673,VRNT
674,RXST
675,PGTI
676,DH
677,APTV
678,KZR
679,MAPS
680,BMA
681,NUVA
682,WCC
683,LMAT
684,TKR
685,LHCG
686,TITN
687,GHLD
688,VIRT
689,THR
690,BECN
691,BSVN
692,BRID
693,IAG
694,EPD
695,TAP
696,DV
697,TRNO
698,MLM
699,BW
700,MMLP
701,MCRI
702,AURA
703,DRS
704,MBC
705,EGRX
706,COST
707,BKU
708,DBX
709,NEM
710,HITI
711,ENVX
712,FOA
713,SNAP
714,SOUN
715,LOB
716,CSTM
717,RBA
718,EDAP
719,MCO
720,BOKF
721,MTG
722,ACRS
723,BCAN
724,GOOG
725,AAL
726,RDY
727,COUP
728,IPHA
729,HRI
730,BSET
731,HRL
732,SYBX
733,STER
734,ISPO
735,FICO
736,SLQT
737,IMGN
738,PRAX
739,TTI
740,PSTG
741,GEG
742,DLHC
743,VIV
744,BGSF
745,ANF
746,PXD
747,APEI
748,TTE
749,HYFM
750,TSVT
751,SPH
752,GHI
753,RPT
754,SMWB
755,CONN
756,LZB
757,VERU
758,ARIS
759,PIRS
760,TER
761,KALV
762,COO
763,SHEN
764,GIII
765,FFIE
766,SAVA
767,LHX
768,ARVN
769,AZPN
770,RETA
771,SEB
772,CMCSA
773,RBC
774,ATHM
775,PCT
776,MCRB
777,STWD
778,AGIL
779,IR
780,ICVX
781,META
782,AMGN
783,MG
784,CSAN
785,EOLS
786,CCI
787,SPXC
788,KMDA
789,LBTYA
790,AMPX
791,ANAB
792,SSBI
793,INKT
794,QUOT
795,ALLK
796,MMP
797,MED
798,ZFOX
799,INDT
800,DEO
801,ARWR
802,TGI
803,ET
804,PRG
805,PERI
806,LANC
807,GTY
808,TTEC
809,GCI
810,QNST
811,CNSL
812,TIXT
813,OTEX
814,PFIE
815,FHTX
816,AWK
817,SMLP
818,EVLO
819,VIAV
820,RKLB
821,JOAN
822,SNDL
823,OR
824,FR
825,MELI
826,NEWR
827,NBN
828,AFCG
829,RACE
830,BCEL
831,CALT
832,BIOX
833,NHTC
834,IX
835,EVEX
836,WLDN
837,CF
838,IRS
839,IBCP
840,DOYU
841,III
842,CMCM
843,SITC
844,SGEN
845,MATW
846,ZIP
847,AP
848,STOK
849,NVTS
850,ICUI
851,ACGL
852,IROQ
853,GRPH
854,WTS
855,RVLV
856,LTRN
857,AVTE
858,NAPA
859,DPRO
860,FISV
861,BLKB
862,BA
863,HOOD
864,LIND
865,CNDT
866,CPLP
867,SPNS
868,PGNY
869,NHI
870,ERIC
871,LANDO
872,MLTX
873,SYNH
874,SUZ
875,CRSP
876,KXIN
877,FRGE
878,ARLP
879,TSN
880,DE
881,CABO
882,DSGX
883,CTOS
884,SBNY
885,NXGN
886,SWI
887,FERG
888,DTE
889,BTBT
890,GRCL
891,ARW
892,RZLT
893,GATO
894,IEX
895,DIBS
896,SILK
897,FBIZ
898,PLAY
899,REFR
900,BSBK
901,CDIO
902,SIEB
903,TERN
904,XPO
905,CHCT
906,GNE
907,NUTX
908,XNET
909,FVRR
910,ABCM
911,HDSN
912,BHFAN
913,STRA
914,BKH
915,TEX
916,MOLN
917,GNRC
918,MP
919,MSA
920,ONON
921,CINF
922,CURV
923,AIG
924,RAPT
925,DDS
926,BNGO
927,DNLI
928,SRG
929,HEP
930,CLF
931,ALTR
932,BAH
933,GOL
934,ABST
935,APA
936,PSTL
937,COIN
938,AKO-B
939,WDH
940,SIFY
941,ENOV
942,NEXA
943,HNST
944,WBS
945,CTIC
946,ORI
947,SSYS
948,HAE
949,PKOH
950,LYEL
951,ROP
952,WW
953,IONQ
954,JELD
955,PCYO
956,KRG
957,OCUP
958,ITUB
959,BOTJ
960,PRI
961,NVDA
962,CCSI
963,ENTG
964,DPZ
965,PNRG
966,MANH
967,WEYS
968,PLYM
969,OLLI
970,SUPV
971,QS
972,OSW
973,CYBN
974,SPCE
975,LAZ
976,OKE
977,GME
978,NTIC
979,KPLT
980,GTE
981,MREO
982,LOCL
983,STAA
984,BC
985,TRMK
986,LGIH
987,DSGN
988,EXFY
989,WLK
990,BBCP
991,IRTC
992,ACEL
993,SBS
994,APLD
995,SRC
996,EVC
997,SHCR
998,MIXT
999,AAON
1000,JPM
1001,TRIP
1002,FLIC
1003,AXTI
1004,ADI
1005,SACH
1006,NG
1007,BHP
1008,WK
1009,OSA
1010,AVAV
1011,AWI
1012,NGVC
1013,DY
1014,ED
1015,GEN
1016,GGR
1017,RELY
1018,AN
1019,VLD
1020,OMI
1021,GWH
1022,MGA
1023,EXPE
1024,AOS
1025,ACN
1026,SBR
1027,GETY
1028,CRGE
1029,NMR
1030,LSI
1031,KYMR
1032,TG
1033,VRSN
1034,AGFS
1035,ZTO
1036,INST
1037,VSTO
1038,GRNA
1039,GLBE
1040,ATAI
1041,GEO
1042,AMRC
1043,SNAL
1044,PMVP
1045,USX
1046,UA
1047,SIMO
1048,SERA
1049,PACK
1050,HLF
1051,SNY
1052,NXRT
1053,SPIR
1054,MODV
1055,BHLB
1056,UI
1057,NOW
1058,IMAX
1059,MRAM
1060,CAAS
1061,SGMO
1062,KNTE
1063,IRWD
1064,BHB
1065,XEL
1066,ELVT
1067,IPWR
1068,SNPO
1069,ATUS
1070,EOG
1071,CIFR
1072,DC
1073,AMBC
1074,GAN
1075,EXR
1076,AKR
1077,ECBK
1078,WST
1079,BIDU
1080,ICAD
1081,GOODO
1082,FRO
1083,THO
1084,AU
1085,HMNF
1086,SNCY
1087,BWMX
1088,LQDA
1089,AKAM
1090,NWPX
1091,LNKB
1092,TCBIO
1093,CLMB
1094,AMTB
1095,CTVA
1096,CNOB
1097,QLYS
1098,KWR
1099,RXDX
1100,ST
1101,HBM
1102,NVCT
1103,BSY
1104,FOX
1105,WRBY
1106,OI
1107,INTZ
1108,GAMB
1109,SMAR
1110,ATEN
1111,CRK
1112,OCUL
1113,ACVA
1114,JRVR
1115,DNN
1116,MRVI
1117,CDTX
1118,MAT
1119,UCL
1120,BBY
1121,RYI
1122,SRL
1123,ZETA
1124,AIV
1125,NNDM
1126,SCL
1127,THM
1128,IPI
1129,PDS
1130,CCEP
1131,APOG
1132,CHSCM
1133,VIST
1134,KALU
1135,RUM
1136,DCI
1137,WNEB
1138,ACNT
1139,BSM
1140,NIU
1141,LUV
1142,SMFG
1143,LXP
1144,PGRE
1145,COLB
1146,ALK
1147,UIS
1148,NKLA
1149,FLR
1150,KRNY
1151,LYG
1152,CWEN-A
1153,ACLX
1154,NTB
1155,QSI
1156,SKLZ
1157,NMIH
1158,RCKY
1159,ASH
1160,PTEN
1161,TCRX
1162,DXPE
1163,LRMR
1164,ASPI
1165,IIPR
1166,TDOC
1167,INTC
1168,COP
1169,RRC
1170,SAFT
1171,ICFI
1172,HST
1173,APEN
1174,LFMD
1175,DGHI
1176,DOUG
1177,AWIN
1178,SMMF
1179,NNI
1180,EXEL
1181,AIRT
1182,HASI
1183,TIGR
1184,SBGI
1185,FAST
1186,UPS
1187,SP
1188,EGAN
1189,ITCB
1190,FBIOP
1191,BOLT
1192,UNTY
1193,TXO
1194,CCB
1195,PDFS
1196,FMBH
1197,SXI
1198,SILV
1199,PCRX
1200,WBD
1201,IFF
1202,GEHC
1203,DAN
1204,SENS
1205,AMLX
1206,BV
1207,IVT
1208,ASM
1209,EGO
1210,MAYS
1211,VSAT
1212,OPT
1213,AGYS
1214,MSEX
1215,VZIO
1216,HOFT
1217,NSIT
1218,DDOG
1219,TRX
1220,CABA
1221,GSL
1222,UCTT
1223,BVS
1224,BDL
1225,PAC
1226,STRO
1227,HGBL
1228,BJ
1229,SCX
1230,HCWB
1231,CW
1232,AQB
1233,TATT
1234,CMC
1235,MXCT
1236,LNC
1237,MPW
1238,GLNG
1239,PYXS
1240,ICD
1241,AGS
1242,WTW
1243,DEN
1244,ASPN
1245,HAYW
1246,RCUS
1247,TSQ
1248,MRTN
1249,GTES
1250,CMS
1251,CVV
1252,GPP
1253,BRCC
1254,SO
1255,LIFW
1256,USAC
1257,TROX
1258,HNI
1259,PYPL
1260,SSTI
1261,GEF
1262,ATRC
1263,VNO
1264,BWA
1265,VBTX
1266,POST
1267,OPRX
1268,CIB
1269,VANI
1270,CHRW
1271,PUK
1272,APT
1273,FIVE
1274,PLOW
1275,WETG
1276,QCRH
1277,CRD-B
1278,VTVT
1279,TYL
1280,GHL
1281,FSTX
1282,NOV
1283,NWLI
1284,GRFS
1285,MUFG
1286,COLM
1287,MORF
1288,TEF
1289,ATRA
1290,EXAI
1291,PLL
1292,HURC
1293,CCLD
1294,FANH
1295,EMX
1296,HIPO
1297,ASUR
1298,GDOT
1299,GOOGL
1300,IAC
1301,WPC
1302,FRC
1303,GLDG
1304,MAA
1305,ELAN
1306,QTRX
1307,ACAD
1308,MTN
1309,WRK
1310,LEA
1311,BMI
1312,MDC
1313,AMCX
1314,JOBY
1315,SON
1316,HTLD
1317,TLRY
1318,CPA
1319,TLS
1320,HLTH
1321,ASPS
1322,BWBBP
1323,POET
1324,AVD
1325,CNXC
1326,GLDD
1327,BMRC
1328,ATVI
1329,VOR
1330,OSTK
1331,LICY
1332,ENLC
1333,FANG
1334,VVX
1335,MSCI
1336,ADAG
1337,ADT
1338,SKWD
1339,VRNS
1340,STXS
1341,REX
1342,TEAM
1343,LINK
1344,GPRK
1345,WTRG
1346,CAH
1347,AYI
1348,JFIN
1349,NPO
1350,G
1351,CLB
1352,NX
1353,EML
1354,SES
1355,HPQ
1356,HTBK
1357,PKI
1358,FARM
1359,SLP
1360,CFFN
1361,NVNO
1362,INVA
1363,SLVM
1364,DOW
1365,RLI
1366,PKBK
1367,LGF-A
1368,RHI
1369,MFA
1370,ALLO
1371,MULN
1372,GDS
1373,ARDX
1374,TIL
1375,ARL
1376,AKRO
1377,BLMN
1378,SJW
1379,BRKR
1380,IMRX
1381,EXPO
1382,FSTR
1383,FIBK
1384,CPRX
1385,HOUS
1386,JOE
1387,INVE
1388,WASH
1389,HPP
1390,PBFS
1391,FRG
1392,DK
1393,DSX
1394,CCOI
1395,CBAY
1396,CIX
1397,MMMB
1398,FCCO
1399,RNR
1400,HII
1401,PII
1402,ELBM
1403,MVST
1404,CRM
1405,SPPI
1406,VLTA
1407,MDV
1408,WB
1409,GCO
1410,AACG
1411,CIVB
1412,FIZZ
1413,VALN
1414,LSAK
1415,PCH
1416,PERF
1417,ACMR
1418,INFN
1419,LBPH
1420,GNK
1421,NEU
1422,LWAY
1423,ENIC
1424,MLYS
1425,PGY
1426,HYLN
1427,XOM
1428,TS
1429,MMAT
1430,IMKTA
1431,AVXL
1432,QRVO
1433,PRK
1434,TISI
1435,SHIP
1436,HOLI
1437,DSKE
1438,EVRG
1439,FUL
1440,USEG
1441,MAR
1442,MEOH
1443,ARCH
1444,LPG
1445,COKE
1446,IBKR
1447,BRX
1448,SEDG
1449,ABT
1450,FISI
1451,AUY
1452,PTVE
1453,HPE
1454,CPF
1455,LTRPB
1456,NDAQ
1457,VVI
1458,SJ
1459,ETNB
1460,CYBR
1461,SNOW
1462,SONY
1463,FORA
1464,EAT
1465,NAT
1466,PMTS
1467,TOL
1468,QUAD
1469,WRAP
1470,YUMC
1471,AAPL
1472,SRCL
1473,CDNA
1474,ABEV
1475,NUVB
1476,MGYR
1477,ASTE
1478,HWM
1479,TRN
1480,GLP
1481,BSX
1482,OLPX
1483,KLIC
1484,ZLAB
1485,CRIS
1486,MSI
1487,DVN
1488,BUD
1489,CFBK
1490,PM
1491,MAXR
1492,BRO
1493,ALKS
1494,AVDL
1495,ESE
1496,PTON
1497,SOL
1498,MSGM
1499,EVGO
1500,INVH
1501,ORGN
1502,PGRU
1503,TLYS
1504,ATO
1505,LTH
1506,EVR
1507,AGL
1508,ITI
1509,LFT
1510,TWOU
1511,BURL
1512,THRN
1513,IGMS
1514,MTCH
1515,CENT
1516,ARCO
1517,EQX
1518,SIGA
1519,BBLN
1520,CODI
1521,ATEC
1522,AUPH
1523,PROF
1524,QTWO
1525,SLGN
1526,SIX
1527,MRCY
1528,ESTC
1529,ARI
1530,BCOV
1531,PYCR
1532,CME
1533,OUST
1534,BLI
1535,YY
1536,BE
1537,AXS
1538,TPR
1539,ITGR
1540,STNE
1541,ICL
1542,GRTX
1543,NYMTZ
1544,PVBC
1545,PAAS
1546,DQ
1547,APTO
1548,TALO
1549,TAK
1550,EDR
1551,NC
1552,FFIN
1553,MFG
1554,EFSC
1555,DCO
1556,GO
1557,UBSI
1558,AEO
1559,PCVX
1560,PK
1561,LIVN
1562,EW
1563,STCN
1564,INVZ
1565,NRIM
1566,HSAI
1567,EWBC
1568,MC
1569,PB
1570,AI
1571,LCII
1572,CDXS
1573,SBH
1574,JBGS
1575,HIMX
1576,RRX
1577,SLDP
1578,DARE
1579,HOMB
1580,GSAT
1581,PG
1582,ETWO
1583,HWC
1584,FL
1585,TAST
1586,MHO
1587,ASO
1588,OBIO
1589,FLGT
1590,UEC
1591,NXPI
1592,DNMR
1593,RAAS
1594,ATR
1595,VORB
1596,HROW
1597,NEO
1598,CRON
1599,AHH
1600,MCD
1601,LFMDP
1602,NWBI
1603,SGA
1604,XTNT
1605,MASS
1606,NAK
1607,FTCH
1608,MRDB
1609,VRDN
1610,SMP
1611,KD
1612,CR
1613,GOCO
1614,TASK
1615,LEN-B
1616,ORN
1617,SRTS
1618,IHS
1619,KNX
1620,HCC
1621,MNOV
1622,SPRO
1623,SBOW
1624,MGEE
1625,INTT
1626,HEI-A
1627,LINC
1628,STAG
1629,ATIP
1630,HCI
1631,AVAH
1632,LSXMK
1633,ALZN
1634,HUDI
1635,SUM
1636,NXST
1637,TNK
1638,DJCO
1639,AMBA
1640,FOSL
1641,GROV
1642,AAN
1643,ONEW
1644,PANL
1645,TJX
1646,MOS
1647,MACK
1648,PKX
1649,BGCP
1650,EU
1651,KB
1652,MTRN
1653,LUNR
1654,VTS
1655,NESR
1656,MYMD
1657,PROC
1658,RAMP
1659,SFIX
1660,BASE
1661,WU
1662,RCKT
1663,TAC
1664,CTLP
1665,USAP
1666,MSB
1667,FOXA
1668,NSA
1669,BBWI
1670,KMB
1671,LWLG
1672,SITE
1673,DNA
1674,SMRT
1675,ATXS
1676,NGVT
1677,NCR
1678,FITB
1679,HFBL
1680,GPCR
1681,MCW
1682,ISRG
1683,KIM
1684,PEGA
1685,EB
1686,FORR
1687,RWT
1688,RBT
1689,MCK
1690,BLUE
1691,SPGI
1692,HLT
1693,BNRE
1694,NVRO
1695,PANW
1696,WINA
1697,YALA
1698,DTIL
1699,CDMO
1700,GMRE
1701,CAC
1702,PAGS
1703,ESMT
1704,CHMG
1705,ADAP
1706,SBCF
1707,C
1708,CRCT
1709,CVS
1710,CM
1711,NTCT
1712,UFI
1713,TWI
1714,HDB
1715,MNSB
1716,CBU
1717,RYAAY
1718,TXRH
1719,CFR
1720,IPA
1721,NCNA
1722,AAWW
1723,CVEO
1724,KTOS
1725,FDX
1726,HAYN
1727,RDCM
1728,PTSI
1729,KREF
1730,DRD
1731,CMCT
1732,EDIT
1733,FINV
1734,INSW
1735,KRC
1736,JBT
1737,WVE
1738,TV
1739,YTRA
1740,KNDI
1741,VZ
1742,MYTE
1743,INFU
1744,CVGI
1745,PHI
1746,ING
1747,WBA
1748,CRDF
1749,VMC
1750,MQ
1751,KOS
1752,WAB
1753,SWK
1754,HUBS
1755,DXCM
1756,EBF
1757,FRPT
1758,SSU
1759,FSR
1760,IMVT
1761,TXG
1762,VKTX
1763,CMP
1764,SF
1765,CHE
1766,RYAN
1767,ULCC
1768,CRMT
1769,BSAC
1770,RSG
1771,TRP
1772,PRAA
1773,IOBT
1774,GAIA
1775,GNS
1776,ME
1777,CIM
1778,FAZE
1779,BOOM
1780,STLD
1781,UMBF
1782,LTRX
1783,LXFR
1784,KRTX
1785,SLAB
1786,KEN
1787,LITE
1788,LKCO
1789,LGVN
1790,RUTH
1791,UHT
1792,SSB
1793,ZYXI
1794,NSSC
1795,EGLX
1796,SAND
1797,ARGO
1798,CMLS
1799,XENE
1800,FROG
1801,MOND
1802,JACK
1803,AFMD
1804,FLUX
1805,BRLT
1806,CMRE
1807,CBOE
1808,WIT
1809,NWN
1810,NUS
1811,DOOO
1812,THTX
1813,ADCT
1814,NKSH
1815,SIVB
1816,STAR
1817,RELX
1818,CSTE
1819,GENC
1820,UWMC
1821,LAC
1822,BHF
1823,ABCB
1824,REAL
1825,HSBC
1826,RRR
1827,ATLO
1828,WFCF
1829,NM
1830,PPBI
1831,ACHC
1832,COTY
1833,WING
1834,REXR
1835,USAS
1836,CYH
1837,DDD
1838,TH
1839,OFG
1840,SHOO
1841,IONS
1842,FCBC
1843,ZS
1844,INMD
1845,HUYA
1846,SUI
1847,MA
1848,SNA
1849,VIRC
1850,DCOM
1851,NOK
1852,IAA
1853,RGA
1854,WOR
1855,APPH
1856,GSMG
1857,ATKR
1858,ERF
1859,SUMO
1860,MCB
1861,ZM
1862,ROIC
1863,OIIM
1864,BL
1865,GEL
1866,AMWL
1867,MARA
1868,FATE
1869,EQT
1870,ASXC
1871,CUTR
1872,DD
1873,TA
1874,SGH
1875,PKG
1876,VIRX
1877,REPX
1878,UTHR
1879,ORC
1880,ALOT
1881,TBI
1882,IBRX
1883,PPTA
1884,BIG
1885,MCHX
1886,NNOX
1887,SBEV
1888,TFX
1889,WWE
1890,GES
1891,NEP
1892,VTYX
1893,NEGG
1894,BALY
1895,ICPT
1896,INCR
1897,SHLS
1898,BORR
1899,AGX
1900,CB
1901,ESCA
1902,COGT
1903,LDI
1904,KNSA
1905,SWKS
1906,LC
1907,SHOP
1908,THFF
1909,ADTN
1910,ONTO
1911,BCE
1912,STTK
1913,PETQ
1914,LYFT
1915,FUTU
1916,KR
1917,SPSC
1918,PRU
1919,HTHT
1920,RVNC
1921,NOVT
1922,TWST
1923,KBAL
1924,BKR
1925,AIH
1926,HD
1927,CQP
1928,PSTX
1929,IBN
1930,CHKP
1931,PINC
1932,RICK
1933,DHR
1934,ELME
1935,AAOI
1936,WLY
1937,BERY
1938,FET
1939,BAND
1940,DCPH
1941,NABL
1942,CVLT
1943,GLYC
1944,FWONK
1945,K
1946,SNDR
1947,GOOS
1948,ALT
1949,BLTE
1950,VREX
1951,NLY
1952,PEP
1953,ABSI
1954,AC
1955,HCA
1956,GNLX
1957,PRVA
1958,BR
1959,QBTS
1960,WY
1961,HEXO
1962,MNK
1963,T
1964,TLK
1965,GGE
1966,SIRE
1967,ADM
1968,CCU
1969,OPCH
1970,WTBA
1971,SGC
1972,MNST
1973,SILC
1974,PHAT
1975,VGZ
1976,CL
1977,HUGE
1978,IAS
1979,IPG
1980,TRTX
1981,DAKT
1982,MGI
1983,GLSI
1984,YRD
1985,EAR
1986,CATY
1987,OVLY
1988,UHAL-B
1989,SANW
1990,SAVE
1991,BCTX
1992,XYF
1993,PRQR
1994,VTOL
1995,ASTR
1996,HOFV
1997,PIPR
1998,EYE
1999,HIVE
2000,EVCM
2001,TSE
2002,GLW
2003,EQH
2004,WH
2005,AXTA
2006,OUT
2007,CLPR
2008,PAYA
2009,SDC
2010,CLX
2011,TNDM
2012,NTRA
2013,MMM
2014,KULR
2015,ISSC
2016,RUSHA
2017,INSE
2018,SEM
2019,WMC
2020,ORAN
2021,IDEX
2022,TSLA
2023,INTA
2024,VSTA
2025,TX
2026,NTST
2027,FONR
2028,MRC
2029,STZ
2030,NARI
2031,ATGE
2032,TUP
2033,AMLI
2034,TIG
2035,MGM
2036,NVTA
2037,FLEX
2038,CZWI
2039,HRT
2040,DNB
2041,DAVA
2042,EVER
2043,DOX
2044,LPSN
2045,ADTH
2046,CVBF
2047,BMEA
2048,CRL
2049,UNB
2050,LASR
2051,ACLS
2052,WIMI
2053,TNP
2054,OBE
2055,RDNT
2056,DRIO
2057,WTI
2058,RY
2059,OPK
2060,RMBL
2061,SXT
2062,ARTNA
2063,UFCS
2064,ASND
2065,JJSF
2066,MMC
2067,NWL
2068,CGAU
2069,AME
2070,ORMP
2071,MTTR
2072,EME
2073,NREF
2074,THS
2075,PI
2076,REFI
2077,TWKS
2078,AUDC
2079,LAKE
2080,DENN
2081,EBMT
2082,WD
2083,CDAY
2084,MDRX
2085,DHX
2086,CENTA
2087,USB
2088,KW
2089,VERI
2090,SRAD
2091,DOMA
2092,ORCC
2093,SMTC
2094,RSSS
2095,ZUO
2096,TREE
2097,ESNT
2098,BZH
2099,SEER
2100,CTRA
2101,EFC
2102,CTAS
2103,WPM
2104,BXP
2105,SPR
2106,PRGO
2107,BOWL
2108,BLBD
2109,GSHD
2110,BFS
2111,VNRX
2112,NTGR
2113,QIPT
2114,CACC
2115,MAC
2116,LILM
2117,ORGO
2118,TSCO
2119,RPTX
2120,CARA
2121,YOU
2122,XPEL
2123,IH
2124,EOSE
2125,IVA
2126,KNSL
2127,XFOR
2128,EPSN
2129,FCAP
2130,AEL
2131,ECX
2132,UCBI
2133,BDSX
2134,JBHT
2135,CNF
2136,VNT
2137,ZG
2138,CMTL
2139,DMTK
2140,CMPX
2141,VNET
2142,OTLY
2143,OMGA
2144,SMMT
2145,WMB
2146,CNM
2147,GROY
2148,BMRN
2149,AZUL
2150,SMBC
2151,ROG
2152,RNGR
2153,SQNS
2154,EIX
2155,WIX
2156,MAX
2157,IDBA
2158,CYT
2159,TRMB
2160,WES
2161,EGIO
2162,KFS
2163,UGP
2164,YSG
2165,HIBB
2166,CERE
2167,STBX
2168,CHCO
2169,GTN
2170,SHEL
2171,MDU
2172,MLKN
2173,AKA
2174,WWW
2175,RCEL
2176,EWTX
2177,WBX
2178,ALPP
2179,NCSM
2180,OFED
2181,PPG
2182,TRV
2183,CRAI
2184,BTI
2185,OPTN
2186,BNR
2187,ARQT
2188,DLB
2189,HEPS
2190,URI
2191,VTNR
2192,ARCB
2193,UROY
2194,CHRS
2195,LIDR
2196,SCOR
2197,WAL
2198,TRGP
2199,HHC
2200,EHTH
2201,CNMD
2202,AEG
2203,PLBC
2204,CELC
2205,VYGR
2206,CMPS
2207,DHI
2208,MVLA
2209,AMRS
2210,WTTR
2211,NU
2212,LANV
2213,R
2214,MBINN
2215,LARK
2216,FOR
2217,EURN
2218,CARE
2219,SYK
2220,MCG
2221,CXM
2222,KURA
2223,MPLN
2224,FLNG
2225,CUBE
2226,SDGR
2227,CRTO
2228,BLDE
2229,RYAM
2230,DCBO
2231,SNCR
2232,FNGR
2233,FMX
2234,ATAT
2235,TOP
2236,HZO
2237,NRXP
2238,INSM
2239,NCLH
2240,AQNU
2241,IBTX
2242,EPAC
2243,PARR
2244,TDG
2245,RLGT
2246,IBEX
2247,LIVE
2248,LOMA
2249,TGTX
2250,MGIC
2251,IMUX
2252,SHO
2253,CSGP
2254,XRX
2255,AMX
2256,ALNY
2257,ASTL
2258,FYBR
2259,MNTV
2260,AMYT
2261,JBLU
2262,LFCR
2263,LIAN
2264,SSRM
2265,HI
2266,BMY
2267,WMK
2268,LAZY
2269,CHSCL
2270,EGBN
2271,KDNY
2272,CIA
2273,CWH
2274,RKDA
2275,PACW
2276,CATC
2277,CPT
2278,BG
2279,CDNS
2280,YORW
2281,BEAM
2282,RLJ
2283,ALPS
2284,STN
2285,HTH
2286,BRP
2287,DUOL
2288,CHTR
2289,BPOP
2290,SGHT
2291,WSC
2292,FN
2293,RLYB
2294,PEAR
2295,SATS
2296,ROK
2297,CP
2298,DOV
2299,GRTS
2300,CURI
2301,RIG
2302,ONCT
2303,HOVNP
2304,GENI
2305,RMBI
2306,CRGO
2307,ZD
2308,MTZ
2309,PHAR
2310,UGI
2311,CHWY
2312,LSCC
2313,BMBL
2314,GLOP
2315,MKSI
2316,FATBB
2317,EC
2318,FSLY
2319,HTLF
2320,KOPN
2321,BPT
2322,INSP
2323,MTH
2324,AIRS
2325,EVTL
2326,CNTB
2327,USIO
2328,BRK-B
2329,MSBIP
2330,PR
2331,EVA
2332,BCO
2333,BLDR
2334,RNST
2335,ADVM
2336,EJH
2337,SMSI
2338,BZ
2339,CHRD
2340,PODD
2341,NDSN
2342,FOLD
2343,GT
2344,OSCR
2345,SEEL
2346,ONL
2347,VAL
2348,ERIE
2349,EEX
2350,PNTG
2351,TTGT
2352,FTCI
2353,BLFS
2354,LMDX
2355,IFS
2356,UIHC
2357,BRAG
2358,PZZA
2359,AES
2360,DEI
2361,NOG
2362,AGI
2363,MODG
2364,ASB
2365,RRGB
2366,POWW
2367,SAP
2368,ANET
2369,RMAX
2370,ARQQ
2371,URGN
2372,SMBK
2373,ANGI
2374,LEVI
2375,ORLA
2376,CNTY
2377,NNN
2378,ALBO
2379,ENB
2380,PCTI
2381,BCS
2382,VGR
2383,AUB
2384,BDN
2385,BBIO
2386,PEBK
2387,LND
2388,HSON
2389,DINO
2390,AJRD
2391,VIEW
2392,CIG
2393,UL
2394,AIRC
2395,CUE
2396,DRI
2397,GSM
2398,RBOT
2399,NVO
2400,NOMD
2401,BHFAM
2402,KITT
2403,SFBS
2404,RNLX
2405,QD
2406,TSEM
2407,BXMT
2408,CMI
2409,MLCO
2410,CGEM
2411,GFL
2412,LOOP
2413,ML
2414,SKYT
2415,SEMR
2416,TROO
2417,OCFC
2418,AMSWA
2419,ARNC
2420,ADNT
2421,NRG
2422,ANIX
2423,BURU
2424,IDA
2425,CSPI
2426,BBSI
2427,RCON
2428,AVO
2429,ABC
2430,BGI
2431,MGTX
2432,SKY
2433,BRMK
2434,MITT
2435,SMLR
2436,BRBR
2437,ADMA
2438,EVOP
2439,TMHC
2440,NYMTL
2441,ELS
2442,FRST
2443,EFX
2444,PETS
2445,XM
2446,NAII
2447,DDI
2448,SKE
2449,LZ
2450,LPRO
2451,BRZE
2452,CALM
2453,VLRS
2454,VRTV
2455,AXON
2456,GORO
2457,CXW
2458,AKLI
2459,AMPS
2460,PHX
2461,CUK
2462,MOH
2463,MLR
2464,DTM
2465,GFF
2466,TCRT
2467,URBN
2468,VERV
2469,VHC
2470,BP
2471,OSH
2472,USFD
2473,PATK
2474,GBTG
2475,AIR
2476,EXPR
2477,CCCS
2478,ULBI
2479,STLA
2480,APH
2481,RH
2482,TIMB
2483,BVN
2484,ADN
2485,TFPM
2486,VLN
2487,SPRU
2488,W
2489,STRM
2490,BYND
2491,UPLD
2492,SPFI
2493,ATNI
2494,PCTY
2495,BYSI
2496,BLU
2497,BSRR
2498,REPL
2499,PLCE
2500,PWP
2501,TRS
2502,SHC
2503,AMD
2504,MRUS
2505,BAK
2506,EQIX
2507,XXII
2508,DPSI
2509,NKTR
2510,PCGU
2511,BWXT
2512,DCT
2513,CHSCO
2514,SRCE
2515,UONE
2516,PCAR
2517,ERII
2518,CAJ
2519,CWCO
2520,MCY
2521,KMPR
2522,ERAS
2523,ARRY
2524,CIH
2525,FLS
2526,MYE
2527,IOT
2528,GPI
2529,GP
2530,DMLP
2531,RHP
2532,KNTK
2533,AMAM
2534,WGS
2535,BBW
2536,AMT
2537,BBDC
2538,FBIN
2539,ABB
2540,SNBR
2541,KAR
2542,PCYG
2543,BLFY
2544,SUPN
2545,JLL
2546,TWIN
2547,TIPT
2548,VNOM
2549,GPRE
2550,AXP
2551,PPC
2552,LXRX
2553,IVVD
2554,RARE
2555,WLKP
2556,FVCB
2557,FCFS
2558,UTL
2559,HCP
2560,CPRI
2561,DG
2562,LTHM
2563,JYNT
2564,TEDU
2565,RDI
2566,SYBT
2567,JHX
2568,AFRI
2569,CULP
2570,SCPL
2571,MORN
2572,HWBK
2573,TRUP
2574,ZVIA
2575,BAC
2576,HLIT
2577,VSEC
2578,SFM
2579,BSGM
2580,AZTA
2581,NVCN
2582,CYTK
2583,PJT
2584,PBPB
2585,GLPI
2586,GIS
2587,DRH
2588,FINW
2589,NRGV
2590,TPIC
2591,LOPE
2592,NOA
2593,CSV
2594,HONE
2595,PCOR
2596,HSY
2597,FBRT
2598,CDXC
2599,TENB
2600,ATNM
2601,LQDT
2602,MLEC
2603,DAO
2604,LBRT
2605,AVPT
2606,LUNG
2607,STX
2608,OPI
2609,ACHR
2610,STBA
2611,LDOS
2612,MAS
2613,GRWG
2614,HSTM
2615,GNFT
2616,ROIV
2617,BFLY
2618,NEXT
2619,CODX
2620,THRX
2621,RPAY
2622,STM
2623,ELV
2624,SLGC
2625,CAG
2626,COLD
2627,ITRI
2628,TM
2629,LOCO
2630,ISTR
2631,HESM
2632,FTNT
2633,PRCH
2634,HMC
2635,MGNX
2636,DFLI
2637,CSSE
2638,CRMD
2639,TMQ
2640,IQV
2641,GPK
2642,ASR
2643,GOSS
2644,VRAY
2645,HVT
2646,AL
2647,BCLI
2648,MTB
2649,AFG
2650,PDM
2651,TUYA
2652,PLRX
2653,NOTE
2654,TEL
2655,VXRT
2656,MSFT
2657,RDW
2658,CWEN
2659,CX
2660,EVBN
2661,CAKE
2662,TWO
2663,ODFL
2664,SBUX
2665,VEON
2666,VSH
2667,WMG
2668,IAUX
2669,DFS
2670,BTAI
2671,AMPH
2672,AMZN
2673,ALC
2674,UNFI
2675,ENLT
2676,NFG
2677,LCNB
2678,FPH
2679,QSG
2680,EBAY
2681,PHVS
2682,LAD
2683,JZ
2684,ABOS
2685,ZBH
2686,RLAY
2687,GRIN
2688,UTMD
2689,V
2690,TECK
2691,PROV
2692,ESGR
2693,LKQ
2694,CWAN
2695,FURY
2696,PEAK
2697,WDAY
2698,SRT
2699,AMR
2700,RF
2701,TTWO
2702,RSI
2703,SLNA
2704,OGS
2705,BELFB
2706,GOLF
2707,RMBS
2708,EBTC
2709,GTHX
2710,OPBK
2711,ADC
2712,MPC
2713,RGLD
2714,FLL
2715,BY
2716,MYOV
2717,SHG
2718,EDU
2719,IMOS
2720,ONDS
2721,BGXX
2722,PLUS
2723,ALSN
2724,BFC
2725,NRDS
2726,DOCN
2727,SBAC
2728,ACGLN
2729,AXDX
2730,BKSY
2731,SPOK
2732,CNI
2733,AR
2734,THG
2735,DVAX
2736,RCL
2737,OMC
2738,NECB
2739,GNTX
2740,MOMO
2741,NOTV
2742,KNOP
2743,MYFW
2744,AMTX
2745,RUN
2746,CVM
2747,EGP
2748,PRTS
2749,SLND
2750,MPLX
2751,ETSY
2752,OESX
2753,LCTX
2754,BZUN
2755,SOHU
2756,NMG
2757,PFC
2758,IVAC
2759,SHAK
2760,MCBS
2761,EHAB
2762,FTK
2763,AROW
2764,TU
2765,BGRY
2766,REYN
2767,ATSG
2768,BCRX
2769,MSGE
2770,CAL
2771,PAYX
2772,SI
2773,VOYA
2774,MGTA
2775,OLO
2776,JNCE
2777,CSGS
2778,ALLE
2779,ETN
2780,IRMD
2781,AOUT
2782,CLFD
2783,BDC
2784,ASX
2785,GS
2786,ATOM
2787,PLSE
2788,IXHL
2789,CARS
2790,AX
2791,OGI
2792,SESN
2793,UDR
2794,TMUS
2795,PRLB
2796,KRMD
2797,TELL
2798,SCHW
2799,CNK
2800,VERY
2801,NTIP
2802,EWCZ
2803,PINE
2804,UTZ
2805,LE
2806,ZIM
2807,ATLCP
2808,ASLE
2809,OVID
2810,HGTY
2811,TGB
2812,SAN
2813,CCLP
2814,ENOB
2815,BFAM
2816,PGR
2817,CLLS
2818,RILY
2819,HFWA
2820,INBX
2821,MTLS
2822,OPAL
2823,FSS
2824,FBIO
2825,LAUR
2826,DSP
2827,MDB
2828,AHT
2829,UPWK
2830,WM
2831,TSM
2832,LEGH
2833,TVTX
2834,CVLY
2835,INTU
2836,FG
2837,IPAR
2838,TBNK
2839,API
2840,ALGS
2841,GLTO
2842,CPRT
2843,RNA
2844,MCFT
2845,NEWP
2846,GLT
2847,SSNC
2848,SB
2849,ABM
2850,CRNX
2851,FCNCP
2852,DOLE
2853,MDNA
2854,BCAB
2855,SBRA
2856,MAG
2857,OTMO
2858,MKL
2859,CNA
2860,FTAI
2861,RBB
2862,GOGO
2863,VCEL
2864,EQRX
2865,AXGN
2866,LII
2867,YETI
2868,ALHC
2869,BCML
2870,LVLU
2871,LYV
2872,VTRU
2873,UAL
2874,GIB
2875,TRTN
2876,NVX
2877,LLAP
2878,JRSH
2879,CSII
2880,STE
2881,DLTH
2882,DAVE
2883,PLG
2884,FLXS
2885,HYZN
2886,SCSC
2887,USDP
2888,CODA
2889,AMSF
2890,SIGIP
2891,SQ
2892,MITK
2893,ABNB
2894,FATH
2895,EH
2896,ZH
2897,KBH
2898,FNKO
2899,BVH
2900,VALU
2901,HE
2902,CENN
2903,TXT
2904,SAM
2905,FWRD
2906,DXLG
2907,ESS
2908,TSP
2909,VGAS
2910,PPIH
2911,IART
2912,FRT
2913,CENX
2914,SPLK
2915,WOOF
2916,FELE
2917,BNED
2918,AVRO
2919,FND
2920,FC
2921,NKE
2922,POWL
2923,XOS
2924,HLN
2925,VRTX
2926,MFC
2927,BIP
2928,KORE
2929,MERC
2930,CIDM
2931,LITB
2932,PUBM
2933,LNG
2934,PHG
2935,AZYO
2936,REE
2937,ABCL
2938,APLS
2939,ATRO
2940,CPTN
2941,ALLT
2942,PLTR
2943,FWONA
2944,MYNZ
2945,AMAL
2946,CAAP
2947,UNH
2948,SFBC
2949,DLA
2950,BROG
2951,MNTS
2952,FTHM
2953,TMDX
2954,AAT
2955,PSNY
2956,LAB
2957,OVBC
2958,APYX
2959,FOXF
2960,EYPT
2961,AZZ
2962,SRPT
2963,SWAV
2964,APPS
2965,LEGN
2966,FLWS
2967,CACI
2968,ATEX
2969,MCS
2970,SABR
2971,MTDR
2972,BITF
2973,FIGS
2974,DRTT
2975,MANU
2976,MGPI
2977,PEBO
2978,FUBO
2979,CRI
2980,GRPN
2981,ADSK
2982,RPHM
2983,VOD
2984,DM
2985,CHS
2986,MMI
2987,FLNT
2988,CRH
2989,PLTK
2990,PWSC
2991,TSAT
2992,APD
2993,HSII
2994,IGT
2995,AGCO
2996,LAZR
2997,MIRM
2998,BBIG
2999,FHB
3000,RCAT
3001,AVDX
3002,SE
3003,FNCB
3004,STVN
3005,TWNK
3006,CADE
3007,DIOD
3008,CWBC
3009,PAG
3010,LPTV
3011,RYN
3012,SXC
3013,CELH
3014,LRN
3015,DLO
3016,FRPH
3017,SMID
3018,AEYE
3019,LPL
3020,HSC
3021,NIMC
3022,ALX
3023,BTE
3024,SMPL
3025,FTV
3026,VTLE
3027,BF-A
3028,VWE
3029,HWKN
3030,ATOS
3031,RVPH
3032,MSBI
3033,CDRE
3034,AIRG
3035,UBA
3036,KTB
3037,
3038,TBPH
3039,FCEL
3040,TMO
3041,SQM
3042,RAD
3043,HP
3044,SGML
3045,BLX
3046,FBP
3047,SNDA
3048,BHG
3049,PFIS
3050,PTGX
3051,WTM
3052,SENEA
3053,SOLO
3054,FNLC
3055,PECO
3056,CCK
3057,NWE
3058,QRHC
3059,PET
3060,SPWR
3061,CTRM
3062,OLK
3063,LUNA
3064,BNS
3065,XPEV
3066,OMEX
3067,DBD
3068,IFRX
3069,JKHY
3070,FNF
3071,PRFT
3072,PBR
3073,TCMD
3074,PBI
3075,GHRS
3076,PSX
3077,HON
3078,GNUS
3079,UVV
3080,WHD
3081,WILC
3082,AQMS
3083,LVWR
3084,CBRL
3085,TPC
3086,GTLB
3087,OPRA
3088,GABC
3089,CLW
3090,ATI
3091,MESA
3092,ECPG
3093,PLBY
3094,IDCC
3095,PRO
3096,TCN
3097,AG
3098,ATHA
3099,VMD
3100,MSGS
3101,GH
3102,DRTS
3103,GOEV
3104,CELU
3105,TMCI
3106,CYD
3107,NSTG
3108,REGN
3109,EVTV
3110,NWSA
3111,LAW
3112,SVC
3113,TEO
3114,NRIX
3115,RWAY
3116,HIFS
3117,AMKR
3118,MIST
3119,UP
3120,FREE
3121,SOVO
3122,TSHA
3123,HOV
3124,IBM
3125,SCI
3126,GHC
3127,INGN
3128,IPGP
3129,PSMT
3130,ACRE
3131,OPFI
3132,WEST
3133,OM
3134,DRVN
3135,L
3136,MDGS
3137,RBBN
3138,BCPC
3139,KELYA
3140,BOX
3141,SKX
3142,CUZ
3143,BRK-A
3144,BB
3145,CAPR
3146,EVH
3147,TNGX
3148,EE
3149,PSN
3150,ZEUS
3151,BKTI
3152,CS
3153,INFA
3154,X
3155,RPD
3156,BIVI
3157,LMT
3158,DNUT
3159,HLIO
3160,ALLY
3161,PTC
3162,MHK
3163,FENC
3164,PAYO
3165,CINC
3166,BLNK
3167,XAIR
3168,LEV
3169,DASH
3170,ELLO
3171,PSFE
3172,PSO
3173,ARR
3174,NGG
3175,IP
3176,NWS
3177,XPER
3178,TDY
3179,OEC
3180,ZIMV
3181,MDXG
3182,NGMS
3183,COCO
3184,ORTX
3185,INDB
3186,REG
3187,NGM
3188,ICHR
3189,EBR-B
3190,USM
3191,LPTH
3192,RE
3193,PBT
3194,OSIS
3195,SD
3196,HBNC
3197,VTRS
3198,INMB
3199,BWEN
3200,DBI
3201,CWK
3202,LAND
3203,DX
3204,PSNL
3205,MAN
3206,BIPC
3207,AGAE
3208,IT
3209,CAPL
3210,CGNT
3211,EBS
3212,IRDM
3213,GNTY
3214,RIGL
3215,ESBA
3216,LEE
3217,NIO
3218,OLN
3219,ELMD
3220,AEIS
3221,ROCC
3222,RDN
3223,PD
3224,RES
3225,NWG
3226,ARCT
3227,RGF
3228,PAA
3229,TGH
3230,CLVT
3231,RIO
3232,QRTEP
3233,NLS
3234,VERA
3235,GTXAP
3236,CCS
3237,EMR
3238,RDFN
3239,SPLP
3240,NEX
3241,FIX
3242,ACT
3243,KMX
3244,DELL
3245,NEN
3246,ALG
3247,DTC
3248,CBSH
3249,GSK
3250,RGS
3251,CNP
3252,TRC
3253,PIII
3254,PWR
3255,UPXI
3256,LRCX
3257,OGN
3258,DRQ
3259,BKNG
3260,FPI
3261,VLY
3262,NFBK
3263,HKD
3264,SWTX
3265,RLMD
3266,BBAR
3267,SQSP
3268,ARVL
3269,PGC
3270,KN
3271,IRON
3272,SGHC
3273,HAS
3274,PMT
3275,VRM
3276,CNCE
3277,ASIX
3278,GEVO
3279,ALXO
3280,BATRK
3281,SELF
3282,CNO
3283,PAY
3284,MKUL
3285,CRVL
3286,CVRX
3287,LOVE
3288,EBR
3289,SATL
3290,LEG
3291,RGNX
3292,LNW
3293,CHSCN
3294,SPRB
3295,DSGR
3296,OABI
3297,GRVY
3298,NVMI
3299,ALLG
3300,RAIL
3301,PMCB
3302,AKO-A
3303,PGEN
3304,TRMD
3305,FLO
3306,DZSI
3307,CTMX
3308,OTIS
3309,MEC
3310,HOPE
3311,ADP
3312,AQN
3313,GGG
3314,PBA
3315,SBT
3316,BTG
3317,ALB
3318,WELL
3319,ODV
3320,BKD
3321,GIL
3322,CAT
3323,HYMC
3324,STRT
3325,HSIC
3326,EFXT
3327,MDWD
3328,MHUA
3329,INT
3330,UBFO
3331,HUBG
3332,LVS
3333,GNW
3334,B
3335,ALRM
3336,ALVO
3337,CC
3338,NUE
3339,PEN
3340,HBAN
3341,AVTR
3342,NEON
3343,HCCI
3344,CTBI
3345,CHEF
3346,GHG
3347,MRSN
3348,LFUS
3349,NWTN
3350,LSBK
3351,HMST
3352,UAN
3353,GMGI
3354,AON
3355,FMNB
3356,CSX
3357,MEDP
3358,EVTC
3359,AJG
3360,TZOO
3361,AEE
3362,THC
3363,BIIB
3364,SIBN
3365,ALEC
3366,LGND
3367,RGEN
3368,APG
3369,DB
3370,LBRDA
3371,BEP
3372,FIP
3373,ATLC
3374,OII
3375,HZNP
3376,DAWN
3377,SPB
3378,ADPT
3379,VCYT
3380,SNFCA
3381,MESO
3382,HAFC
3383,MBUU
3384,GLG
3385,VSCO
3386,OSG
3387,KTCC
3388,HLGN
3389,AEP
3390,AMH
3391,WSFS
3392,INOD
3393,MRK
3394,CVE
3395,LNT
3396,DO
3397,CASH
3398,QRTEA
3399,TRUE
3400,DADA
3401,ENLV
3402,CARG
3403,TUSK
3404,PRLD
3405,QUIK
3406,KIND
3407,FMC
3408,EIGR
3409,ISDR
3410,SPOT
3411,BBU
3412,IKNA
3413,HOLO
3414,FA
3415,HRTG
3416,UNVR
3417,NFLX
3418,ELYM
3419,EVLV
3420,CTXR
3421,GETR
3422,IVR
3423,GDEN
3424,FOUR
3425,AMNB
3426,EMN
3427,CHMI
3428,SPG
3429,RIVN
3430,AHCO
3431,GGAL
3432,NMM
3433,VEL
3434,OSS
3435,LKFN
3436,SU
3437,GRFX
3438,CPG
3439,MO
3440,BLND
3441,AZ
3442,VIR
3443,CDZIP
3444,UBX
3445,ACDC
3446,TCBI
3447,RBLX
3448,OPOF
3449,CTKB
3450,MMYT
3451,SCWX
3452,VMW
3453,CDRO
3454,CMAX
3455,CMA
3456,DEA
3457,FGBI
3458,INNV
3459,AGIO
3460,BXC
3461,KAMN
3462,CADL
3463,CBAT
3464,FCF
3465,COLL
3466,PDCO
3467,SKIN
3468,GRAB
3469,TD
3470,LLY
3471,LANDM
3472,BIRD
3473,NYMT
3474,OMCL
3475,BRDS
3476,CALX
3477,DESP
3478,SPNT
3479,SOPH
3480,BHR
3481,LTCH
3482,LSPD
3483,NRDY
3484,CNTA
3485,HGV
3486,UVE
3487,CGC
3488,PBHC
3489,INCY
3490,H
3491,CUBI
3492,NVEC
3493,CHDN
3494,ADBE
3495,ASC
3496,EXPI
3497,POL
3498,BKKT
3499,VTR
3500,GRBK
3501,BFIN
3502,NKTX
3503,ITCI
3504,LNN
3505,MEG
3506,CRNC
3507,ACR
3508,HEAR
3509,GBCI
3510,HR
3511,GDDY
3512,PEG
3513,EVRI
3514,CAMT
3515,MVBF
3516,FFIV
3517,ASML
3518,EPIX
3519,SMTI
3520,VVV
3521,HTBI
3522,TCS
3523,SNN
3524,AIMC
3525,PFMT
3526,RCMT
3527,HMPT
3528,VVNT
3529,ORCL
3530,OIS
3531,TDCX
3532,EQBK
3533,TELA
3534,NPCE
3535,TW
3536,LUMN
3537,MVO
3538,CCCC
3539,NAVI
3540,LULU
3541,PWFL
3542,SSTK
3543,CLPT
3544,LGO
3545,PXLW
3546,VRE
3547,GXO
3548,CRESY
3549,VIPS
3550,EGY
3551,PNC
3552,INBK
3553,CFG
3554,PTLO
3555,TKNO
3556,CRS
3557,SGFY
3558,WSO
3559,KEP
3560,CURO
3561,RNG
3562,KSS
3563,CRBP
3564,MCBC
3565,TCFC
3566,EP
3567,CPAC
3568,BMO
3569,KFRC
3570,HCM
3571,RCM
3572,FCNCA
3573,CHPT
3574,MSM
3575,JBL
3576,XOMA
3577,KRT
3578,FULC
3579,HPK
3580,HQI
3581,GNPX
3582,LTRPA
3583,KEYS
3584,CBZ
3585,SKYH
3586,SGRY
3587,EA
3588,ASGN
3589,CBNK
3590,TOST
3591,TBIO
3592,OMIC
3593,BEKE
3594,GWW
3595,APPF
3596,PATH
3597,ESLT
3598,JBI
3599,IMO
3600,RFIL
3601,CSBR
3602,ESTA
3603,AMAT
3604,SYF
3605,MDGL
3606,BANF
3607,BFST
3608,LYRA
3609,IHRT
3610,MYNA
3611,TBLA
3612,TTSH
3613,COUR
3614,BHC
3615,GMAB
3616,FDS
3617,MBI
3618,ESTE
3619,SONO
3620,ACIU
3621,SWBI
3622,RBCP
3623,AMED
3624,GBX
3625,OSUR
3626,TSBK
3627,DYN
3628,CPSI
3629,NYT
3630,TPH
3631,MLP
3632,OVV
3633,CATO
3634,BABA
3635,TDC
3636,ORA
3637,OSBC
3638,DKNG
3639,TILE
3640,MNRO
3641,PDEX
3642,PFGC
3643,VECT
3644,RKT
3645,TTC
3646,STIX
3647,FTDR
3648,AGNCL
3649,XPOF
3650,RMNI
3651,YELL
3652,PRDS
3653,KT
3654,ZION
3655,SKIL
3656,CLBK
3657,CAN
3658,AEM
3659,TREX
3660,WDS
3661,STKL
3662,LL
3663,WDC
3664,WKHS
3665,ESEA
3666,MTW
3667,MBWM
3668,AA
3669,MT
3670,UE
3671,WSBF
3672,WYNN
3673,YPF
3674,MKC
3675,PDLB
3676,GPMT
3677,CHUY
3678,ESPR
3679,ELF
3680,SLCA
3681,VEEV
3682,HMN
3683,GPC
3684,LAMR
3685,TCOM
3686,SSD
3687,GILD
3688,FRGI
3689,MATX
3690,SAIA
3691,PYR
3692,SST
3693,OZK
3694,LIFE
3695,EXLS
3696,MXL
3697,FLYW
3698,VBFC
3699,AXNX
3700,SHBI
3701,UAA
3702,MRO
3703,NR
3704,CI
3705,SSP
3706,GPRO
3707,AAP
3708,HMY
3709,AE
3710,ENTA
3711,SOFI
3712,BRFS
3713,SEV
3714,AMRX
3715,S
3716,RIDE
3717,NATI
3718,ADUS
3719,TGT
3720,ZTEK
3721,EIG
3722,CLGN
3723,ILMN
3724,KLXE
3725,BANR
3726,TRMR
3727,ARMK
3728,NMRK
3729,SIG
3730,NODK
3731,ENZ
3732,BLDP
3733,RSKD
3734,CTSO
3735,AIN
3736,SND
3737,LVOX
3738,CMCL
3739,QRTEB
3740,SAFE
3741,JCI
3742,IMNM
3743,THCH
3744,FLNC
3745,NVEI
3746,KVHI
3747,ADES
3748,IMAB
3749,FLT
3750,LVTX
3751,AQUA
3752,SCYX
3753,UEIC
3754,IEP
3755,CSTL
3756,BCYC
3757,DICE
3758,CCF
3759,AGO
3760,MOV
3761,HEES
3762,TRU
3763,KARO
3764,BRSP
3765,M
3766,LADR
3767,BEEM
3768,TRI
3769,HHS
3770,XPRO
3771,SMG
3772,GCBC
3773,ES
3774,ULTA
3775,FIVN
3776,OCN
3777,AZO
3778,HLLY
3779,FARO
3780,EXTR
3781,ALE
3782,DIN
3783,YELP
3784,DFIN
3785,QMCO
3786,PRM
3787,SBFG
3788,ITRN
3789,TALS
3790,FRSH
3791,GEOS
3792,IMMR
3793,TR
3794,STRC
3795,DOC
3796,PRPL
3797,WHR
3798,AIZ
3799,PNFP
3800,ALV
3801,STEM
3802,NVEE
3803,LSTR
3804,MDLZ
3805,CRNT
3806,OMF
3807,CTS
3808,LU
3809,OTLK
3810,UMH
3811,RM
3812,MSTR
3813,PVL
3814,ABBV
3815,KFFB
3816,WEX
3817,MPX
3818,MYGN
3819,ASTS
3820,SRDX
3821,MASI
3822,FNWB
3823,ALCO
3824,GMDA
3825,CPK
3826,UFPI
3827,ALIT
3828,AMCR
3829,WEC
3830,SM
3831,OSK
3832,BLZE
3833,ODC
3834,VOC
3835,NTR
3836,ADSE
3837,MU
3838,CARR
3839,YMAB
3840,WIRE
3841,KA
3842,SITM
3843,CISO
3844,TOWN
3845,GD
3846,AVNT
3847,METC
3848,KRP
3849,CBT
3850,HQY
3851,PRPH
3852,GWRS
3853,HIMS
3854,TWLO
3855,MUR
3856,HOLX
3857,MLSS
3858,OMER
3859,MOG-A
3860,TECH
3861,DCFC
3862,JAKK
3863,SY
3864,ON
3865,PRVB
3866,DIS
3867,JAMF
3868,KRYS
3869,CHSCP
3870,HL
3871,CHX
3872,GLUE
3873,KOD
3874,VSTM
3875,AFYA
3876,ALPN
3877,ATLX
3878,CLNE
3879,HFFG
3880,PHUN
3881,SLNG
3882,INN
3883,CIR
3884,ASRV
3885,WAT
3886,ONCY
3887,BBVA
3888,HRMY
3889,IQ
3890,DXC
3891,SJM
3892,ASYS
3893,ASMB
3894,Z
3895,SHW
3896,RVMD
3897,KRNT
3898,ENV
3899,GRC
3900,SPRY
3901,FTAIP
3902,SAH
3903,TME
3904,OKTA
3905,XERS
3906,DORM
3907,PFS
3908,OPRT
3909,NGL
3910,MBLY
3911,AXSM
3912,MGRC
3913,PRMW
3914,PNR
3915,HTIBP
3916,TTCF
3917,GNL
3918,ECL
3919,CLAR
3920,TRHC
3921,FSLR
3922,ONB
3923,MHH
3924,RXRX
3925,HELE
3926,CVCO
3927,HUM
3928,SUNW
3929,FFWM
3930,MGY
3931,CNXN
3932,UVSP
3933,HUMA
3934,TXN
3935,JANX
3936,EXK
3937,HAL
3938,CLDT
3939,AMEH
3940,CPNG
3941,ARAY
3942,ADV
3943,XHR
3944,INO
3945,RERE
3946,F
3947,QDEL
3948,STG
3949,ZNTL
3950,KEY
3951,ASAI
3952,DDL
3953,NXT
3954,SG
3955,RRBI
3956,AORT
3957,DOMO
3958,YMM
3959,PNW
3960,RANI
3961,LMND
3962,FSFG
3963,GOTU
3964,ARBK
3965,ORIC
3966,RFL
3967,YEXT
3968,ALYA
3969,CLSD
3970,FGEN
3971,BCH
3972,SVM
3973,VNDA
3974,ACRV
3975,GRRR
3976,PROK
3977,SRI
3978,MOD
3979,VTEX
3980,NBR
3981,ASRT
3982,NTCO
3983,SBSW
3984,VRSK
