,0
0,ATRA
1,CSPI
2,LSXMA
3,TTMI
4,WK
5,AROC
6,PAR
7,MYRG
8,NOVA
9,PINS
10,DDOG
11,SCWX
12,GWRE
13,FUNC
14,THRY
15,LBTYK
16,DC
17,LGF-B
18,WGO
19,AMSC
20,TDUP
21,CTSH
22,CVEO
23,RVSB
24,MYOV
25,DOCS
26,UBS
27,AFBI
28,BATL
29,AGM
30,CRUS
31,ASGN
32,HXL
33,NTLA
34,CLH
35,SSNC
36,TCBX
37,BROG
38,CBZ
39,SPLP
40,EPAC
41,DESP
42,HEI
43,BFH
44,SNPS
45,LUXH
46,CAMP
47,TOI
48,BOH
49,TCMD
50,LPTX
51,TLS
52,PRMW
53,GAMB
54,MWA
55,SQM
56,IVA
57,HSAI
58,TIMB
59,FONR
60,APYX
61,PRME
62,AVID
63,RCKT
64,SAIC
65,RNLX
66,CHEF
67,SNAL
68,AEHR
69,OTMO
70,ATRI
71,FSP
72,BVN
73,MCBS
74,CEQP
75,BNRE
76,BAER
77,MTX
78,THCH
79,LOGI
80,FUSN
81,EPR
82,GWH
83,ATAT
84,ZYME
85,QSG
86,MLAB
87,ACHV
88,CHK
89,GOLD
90,BNL
91,LULU
92,ROST
93,NDLS
94,DIT
95,REZI
96,GET
97,CTRM
98,GMRE
99,LPLA
100,TNYA
101,YJ
102,LMB
103,DMLP
104,APPF
105,ALPS
106,VECT
107,CNX
108,SNX
109,OFED
110,BAH
111,CMAX
112,EPAM
113,BOTJ
114,PSTX
115,AAIC
116,NVGS
117,LYB
118,ICCM
119,HT
120,SNDX
121,ML
122,FFIC
123,PNW
124,GPCR
125,DHR
126,STC
127,BEDU
128,MULN
129,BDSX
130,TPX
131,IREN
132,HOG
133,KLR
134,
135,FBK
136,ENLC
137,PTEN
138,CFFI
139,SIEB
140,CYRX
141,ACCD
142,MKTX
143,SGU
144,NOC
145,GRTX
146,CRBU
147,NTAP
148,GLBE
149,HCSG
150,SMID
151,ATLO
152,RDVT
153,HOUR
154,MDWT
155,GSMG
156,WPRT
157,SAGE
158,RTX
159,SATL
160,E
161,POET
162,DECK
163,ROCK
164,PRIM
165,NWTN
166,MPWR
167,DT
168,SOTK
169,ZTS
170,DHX
171,FDP
172,CVAC
173,BILI
174,NUTX
175,AIRT
176,ROAD
177,BDL
178,RADI
179,HRB
180,OBE
181,EPOW
182,OCEA
183,LILM
184,WMT
185,O
186,TCI
187,CVLY
188,TDC
189,CINT
190,MLGO
191,FSV
192,AVB
193,CWST
194,NNOX
195,WSC
196,RBCAA
197,PDS
198,ACTG
199,PXS
200,CLOV
201,CPE
202,AC
203,CCI
204,CBRE
205,EPRT
206,ATCX
207,OLMA
208,LHX
209,BGCP
210,INSG
211,ATER
212,EBIX
213,REVG
214,LLAP
215,MDXG
216,NODK
217,AUPH
218,MYNZ
219,YI
220,KXIN
221,ENSG
222,JG
223,AWR
224,WSBC
225,AEVA
226,FORTY
227,NWLI
228,TAYD
229,WULF
230,UNTY
231,DNN
232,HTHT
233,HNRG
234,FLGT
235,DHT
236,AUBN
237,CLB
238,CHGG
239,FIGS
240,GEHC
241,MLNK
242,ORLY
243,MATX
244,PESI
245,G
246,PRA
247,GNLX
248,KFFB
249,SQ
250,EEFT
251,TRMR
252,MNKD
253,HUIZ
254,BURU
255,VOXX
256,LAZ
257,CTIC
258,VLGEA
259,DY
260,WWR
261,KC
262,SFST
263,LFT
264,VTYX
265,AJG
266,SWIM
267,PRGS
268,OPY
269,CPS
270,CASA
271,CRL
272,ARR
273,SCHN
274,DOOR
275,BGNE
276,CGNX
277,VHC
278,OC
279,SKM
280,DBTX
281,MKTW
282,GNS
283,IROQ
284,CRCT
285,AMRN
286,VRAR
287,AGTI
288,VTR
289,NBTX
290,ROOT
291,ILPT
292,CRGO
293,UNFI
294,WETG
295,OSA
296,EP
297,TFSL
298,BKSC
299,AVGO
300,RDWR
301,VERY
302,SKYH
303,ONTO
304,VRRM
305,BBD
306,RGR
307,GLG
308,PIII
309,NCR
310,CVT
311,PLNT
312,RHI
313,MCW
314,EVRG
315,STEL
316,ZVRA
317,CHCT
318,URG
319,ESBA
320,DAC
321,GE
322,LW
323,ERO
324,CPRX
325,DOUG
326,SNDA
327,PAYS
328,LARK
329,RPID
330,HUMA
331,EOLS
332,CTO
333,AMPY
334,APPN
335,TLSA
336,GOGL
337,CGEN
338,VFF
339,KRUS
340,SCX
341,MKSI
342,VET
343,PCG
344,BTMD
345,SKYT
346,LSTR
347,BATRA
348,AVNW
349,BLPH
350,KE
351,EVBG
352,CERE
353,GCBC
354,ALPP
355,ARVN
356,BRC
357,PSNY
358,AZO
359,KIDS
360,CCU
361,ALLG
362,EQNR
363,FTS
364,NCNO
365,ANVS
366,MYNA
367,BBY
368,CIH
369,HUDI
370,NXT
371,SR
372,MNTX
373,SRRK
374,GROV
375,EGAN
376,CEIX
377,UPST
378,UNB
379,FNGR
380,CIZN
381,PUMP
382,ERJ
383,SWKS
384,RNW
385,CEPU
386,AMN
387,ECX
388,ORRF
389,QRTEP
390,WE
391,WRB
392,HUM
393,SCLX
394,GHRS
395,SSD
396,EXLS
397,COLL
398,SNV
399,AFL
400,VGAS
401,ANGO
402,SLI
403,PD
404,ESSA
405,FG
406,SNFCA
407,PED
408,EYEN
409,NS
410,DRS
411,TNET
412,NSC
413,ATLX
414,PKI
415,KITT
416,PSMT
417,TFII
418,SLNA
419,AFRI
420,PSA
421,DMRC
422,CPK
423,OVBC
424,SANG
425,DFLI
426,ET
427,MELI
428,NEN
429,GTX
430,PNRG
431,ALTG
432,OMAB
433,SUNL
434,LESL
435,JKS
436,LPRO
437,CEG
438,HTIBP
439,NWE
440,EQR
441,OVLY
442,MIMO
443,ICLR
444,WTTR
445,WDAY
446,NRP
447,LEGN
448,IMGN
449,GANX
450,EM
451,PRTH
452,CROX
453,WIRE
454,JOE
455,GNTA
456,SMMF
457,MBINN
458,PLPC
459,VECO
460,ACNB
461,WNEB
462,GPS
463,EMAN
464,GRBK
465,BUSE
466,GGR
467,ENV
468,FNCB
469,NU
470,DFH
471,OABI
472,SEAT
473,TCBIO
474,DFS
475,FLIC
476,HFFG
477,NSSC
478,TRVI
479,HPK
480,ANSS
481,MBI
482,IXHL
483,PCB
484,OOMA
485,LANV
486,BGXX
487,OCGN
488,DHC
489,AWH
490,CIDM
491,KMDA
492,HHRS
493,CTG
494,RMD
495,OGE
496,AIT
497,HIFS
498,RXO
499,ALTR
500,SYK
501,CSTM
502,QURE
503,AMPX
504,VRNA
505,MRDB
506,FCAP
507,GRND
508,FCN
509,LBC
510,HUN
511,PTSI
512,VAXX
513,REI
514,ZGN
515,NMG
516,RAAS
517,BRID
518,ATEN
519,PRDS
520,FLWS
521,A
522,GLPG
523,PBFS
524,ACIW
525,BBIG
526,NLSP
527,GKOS
528,UPBD
529,FNB
530,LSEA
531,AMC
532,RGP
533,INZY
534,MUX
535,EVI
536,CMBM
537,GGE
538,ADT
539,AXDX
540,SKWD
541,AENZ
542,ACU
543,ARMP
544,SRT
545,CTLT
546,VALU
547,DAKT
548,NGD
549,ALX
550,FLXS
551,ARAV
552,NATI
553,SHYF
554,WKME
555,FCNCO
556,KRC
557,ZETA
558,MIDD
559,REE
560,BAP
561,RMR
562,RKT
563,IHG
564,SEB
565,GEF
566,PBR-A
567,JBSS
568,AOSL
569,GTLS
570,PINC
571,BHVN
572,DDL
573,VVV
574,AQNU
575,LXU
576,AXNX
577,STBX
578,UMC
579,ARGX
580,SLM
581,VBIV
582,NHC
583,ECBK
584,AXP
585,NINE
586,CWT
587,UFPT
588,AN
589,OCSL
590,RXT
591,EXAS
592,VRT
593,RYTM
594,IRMD
595,TFX
596,CPHC
597,ALVR
598,ABCM
599,BIPC
600,MTC
601,SIGI
602,BNS
603,KTCC
604,BOOT
605,HCKT
606,WFC
607,FCPT
608,EBTC
609,CCL
610,SPWR
611,ARCE
612,PLBC
613,WBX
614,GILT
615,ETAO
616,DVAX
617,FCUV
618,THC
619,ASTL
620,HUT
621,LX
622,BLFY
623,CMRX
624,FRHC
625,BROS
626,KGC
627,STXS
628,UUUU
629,AMR
630,OVV
631,MITK
632,THRD
633,CRT
634,LNZA
635,AADI
636,KRO
637,NETI
638,NXE
639,COMM
640,HURN
641,NABL
642,CSIQ
643,DRI
644,SLB
645,CBL
646,TFC
647,CVI
648,FCX
649,OFIX
650,BWMN
651,BDX
652,PBI
653,HBCP
654,GWW
655,IBM
656,MLP
657,TGS
658,NEOG
659,LDOS
660,RVP
661,LVWR
662,RUTH
663,FNA
664,TNC
665,CYXT
666,VBFC
667,GHM
668,HSC
669,DBVT
670,VICI
671,GFS
672,CSSE
673,OFLX
674,COF
675,THRM
676,NTIP
677,BLCO
678,CANO
679,PARA
680,BIO
681,HWBK
682,VSH
683,HIW
684,SFL
685,WWE
686,GLPI
687,ALKT
688,OB
689,KRBP
690,HOLO
691,IH
692,OCS
693,IMAB
694,CENN
695,SUPV
696,EZPW
697,SNTI
698,TOUR
699,LVRO
700,NTNX
701,TROO
702,NVAX
703,WH
704,ISEE
705,SANM
706,MGY
707,PPL
708,INSE
709,ICE
710,CAMT
711,SITM
712,MEI
713,CCBG
714,APLD
715,NVX
716,VAC
717,MTH
718,MNMD
719,SMCI
720,FHN
721,LEU
722,ACMR
723,PLMR
724,ENR
725,TRTX
726,POWI
727,RLX
728,MAYS
729,OI
730,IBA
731,MBC
732,FSM
733,HLN
734,CHCI
735,HA
736,DSEY
737,LUCD
738,LUNR
739,ASB
740,SWX
741,PCH
742,NJR
743,BYRN
744,KDP
745,MIR
746,NYCB
747,WMPN
748,PRT
749,GRRR
750,MLEC
751,CRDO
752,BKE
753,BH
754,IE
755,WOW
756,MTD
757,FANG
758,MSGS
759,FDMT
760,VIA
761,CNTB
762,MLYS
763,AFRM
764,KEYS
765,BMI
766,NL
767,PMTS
768,CBFV
769,GMGI
770,ALDX
771,SIMO
772,TOP
773,SATX
774,IVT
775,HCI
776,BCC
777,TBBK
778,BSBR
779,SMPL
780,LEA
781,ELP
782,ISDR
783,NXRT
784,BNED
785,MFIN
786,PAYC
787,NOVT
788,RGTI
789,VERI
790,CDNA
791,TRUE
792,DOMA
793,CRGY
794,REAX
795,ACRS
796,OFC
797,ALTO
798,EURN
799,AG
800,AKYA
801,NATH
802,MGNI
803,MRVL
804,ALC
805,CMPS
806,INTG
807,NEOV
808,DISH
809,ENVA
810,CIO
811,LUNG
812,SKYX
813,BGI
814,MMI
815,ITW
816,UNF
817,HOWL
818,BGRY
819,DKS
820,RITM
821,GB
822,MRNA
823,BIGC
824,ACB
825,VABK
826,MHUA
827,BPMC
828,ENLT
829,DAL
830,IRWD
831,NAAS
832,LOMA
833,HKD
834,ARL
835,BLKB
836,WD
837,DCPH
838,DCFC
839,PRCT
840,LFST
841,ELVN
842,TPL
843,KELYA
844,PERF
845,HEPA
846,RAIN
847,RGA
848,AGEN
849,OBIO
850,DLTR
851,ASLN
852,IBTX
853,LUV
854,BJRI
855,VRCA
856,DEO
857,ALVO
858,SAFT
859,CAL
860,CAE
861,ARC
862,SRG
863,ACNT
864,IDYA
865,EHC
866,WOLF
867,HTZ
868,CVLG
869,MREO
870,ITIC
871,LSBK
872,NVT
873,MTNB
874,AVT
875,LBRT
876,SFBC
877,COHR
878,NAK
879,WWD
880,CARM
881,BIRD
882,CMCO
883,HRTX
884,ELMD
885,TKC
886,RJF
887,UBFO
888,ONTF
889,ALV
890,VUZI
891,TYRA
892,SEE
893,CDE
894,USLM
895,BRCC
896,GNE
897,XNCR
898,PDLB
899,UVV
900,ITT
901,IMXI
902,ADSK
903,MATV
904,NICE
905,MCO
906,W
907,ARE
908,HALO
909,STRS
910,AXR
911,AMRK
912,LTRN
913,ECL
914,IESC
915,GLRE
916,EDN
917,BLDR
918,AMYT
919,GNFT
920,REPL
921,SLG
922,YY
923,ENOB
924,RGC
925,BHE
926,VTS
927,SFT
928,IRBT
929,PRST
930,FICO
931,KVHI
932,TH
933,BYFC
934,EMX
935,ACRV
936,FULT
937,DGICA
938,JWN
939,CRWS
940,GASS
941,WMS
942,JBT
943,CHRW
944,SFR
945,ADSE
946,HYPR
947,SLF
948,JILL
949,MNDY
950,MTSI
951,PLM
952,KNTK
953,CDRO
954,SJ
955,LI
956,PVH
957,RSVR
958,XNET
959,BLX
960,RBOT
961,FBMS
962,CCJ
963,QD
964,GDRX
965,RL
966,FRD
967,SLNG
968,DVA
969,VC
970,FWRG
971,NOG
972,ALRS
973,PHR
974,CLS
975,IGIC
976,MPU
977,AYI
978,JZ
979,SMX
980,CPAC
981,CHCO
982,EH
983,EXC
984,MOH
985,ABUS
986,STIX
987,FBNC
988,RXDX
989,CZOO
990,TMP
991,BBBY
992,BCAN
993,VLN
994,SCCO
995,WIT
996,POR
997,MDGS
998,DUOL
999,PBHC
1000,QGEN
1001,PRTK
1002,MNTK
1003,BMRC
1004,MVLA
1005,DLNG
1006,TARO
1007,LBRDK
1008,FNLC
1009,VLO
1010,MYMD
1011,HFBL
1012,SHEN
1013,TIGR
1014,HBB
1015,RMBI
1016,EVO
1017,FNWB
1018,CFLT
1019,SKIL
1020,BLTE
1021,MITT
1022,MDXH
1023,GRNA
1024,JNJ
1025,BBAI
1026,BLNK
1027,POL
1028,NFG
1029,NEGG
1030,UONEK
1031,IKNA
1032,AMBI
1033,UXIN
1034,DDI
1035,EML
1036,UMBF
1037,SPWH
1038,JSPR
1039,LMNR
1040,SJM
1041,WEC
1042,BLD
1043,ADI
1044,AQMS
1045,EXPD
1046,MNTS
1047,KRON
1048,WRN
1049,SA
1050,APLE
