1,AXP
2,AMR
3,NOVT
4,IRWD
5,TIMB
6,JRS
7,ICMB
8,UMBF
9,ET
10,NMG
11,ENSG
12,MITK
13,TCBIO
14,TEAF
15,ECL
16,DDOG
17,CRCT
18,SAR
19,BMI
20,HPK
21,ACV
22,TARO
23,OVV
24,SMMF
25,RGT
26,MLAB
27,FDP
28,TCPC
29,RCKT
30,NU
31,OSA
32,LUV
33,WTTR
34,PINC
35,CTIC
36,BILI
37,FIGS
38,NEN
39,ALVO
40,NBH
41,BEDU
42,KNTK
43,WNEB
44,THRD
45,GRTX
46,MBINN
47,DOMA
48,ACRV
49,LFT
50,BGRY
51,CMPS
52,SLB
53,POET
54,SIMO
55,PTEN
56,FWRG
57,VERI
58,ASB
59,CSSE
60,PIII
61,VSH
62,SHEN
63,RNW
64,LULU
65,NCR
66,DNN
67,DDL
68,KVHI
69,WH
70,LBC
71,WHF
72,MKSI
73,SUPV
74,PKI
75,VCIF
76,CCI
77,EVRG
78,BNED
79,SWKS
80,ELMD
81,BLX
82,MOH
83,DOUG
84,CPRX
85,APPF
86,GNTA
87,TCMD
88,ADSK
89,SA
90,JOE
91,CVEO
92,BGCP
93,SLNG
94,DUOL
95,ALTR
96,CDRO
97,TRTX
98,POL
99,UNFI
100,JZ
101,GWW
102,MELI
103,LTRN
104,TH
105,NNOX
106,ARVN
107,ADI
108,APLD
109,AMPX
110,AJG
111,FLIC
112,GHRS
113,MWA
114,DRS
115,RKT
116,SLS
117,EOLS
118,DDI
119,PTSI
120,KIDS
121,EGAN
122,ARR
123,RGA
124,ONTO
125,WDAY
126,WK
127,BLFY
128,ONTF
129,HCI
130,POR
131,QD
132,PDLB
133,MCO
134,PCH
135,NAAS
136,ACNT
137,JHG
138,AQNU
139,FLGT
140,INSE
141,ALC
142,SRT
143,AXDX
144,FLWS
145,SQ
146,BAH
147,DHX
148,NYMTL
149,LOGI
150,AQMS
151,ENLC
152,DEO
153,RUTH
154,YY
155,ENV
156,SMID
157,NXRT
158,AYI
159,CIDM
160,MCBS
161,BLNK
162,SMPL
163,IBM
164,SKIL
165,CION
166,KMDA
167,MMI
168,GRBK
169,DRI
170,VLN
171,MSGS
172,PD
173,IBTX
174,EXLS
175,BRCC
176,CAMT
177,TDUP
178,ADT
179,JBT
180,LEGN
181,CHCT
182,TFX
183,QRTEP
184,AXNX
185,ACRS
186,NWE
187,AG
188,TLS
189,PAYS
190,CLB
191,REPL
192,LPRO
193,ML
194,IVT
195,W
196,MATX
197,HRTX
198,GNT
199,VTYX
200,LHX
201,HUMA
202,HSC
203,IRMD
204,ATEN
205,HUM
206,TRUE
207,DMLP
208,SNDA
209,SKYT
210,WIT
211,LUNG
212,EH
213,OBE
214,WSC
215,FICO
216,GAMB
217,SCM
218,SITM
219,DAKT
220,CHEF
221,RHI
222,NAK
223,DHR
224,EPAC
225,SAFT
226,AZO
227,UBFO
228,REE
229,MITT
230,TKC
231,CDNA
232,PNW
233,HSAI
234,OI
235,RBOT
236,WEC
237,LILM
238,ACB
239,ALX
240,PSTX
241,IHIT
242,ACMR
243,LDOS
244,MTH
245,PBI
246,LEA
247,NML
248,KRC
249,GLPI
250,LBRT
251,ASGN
252,CHCO
253,BIRD
254,MYMD
255,THC
256,IKNA
257,ICLR
258,DFS
259,KTCC
260,VAXX
261,SCWX
262,ATRA
263,CRL
264,VHC
265,ISDR
266,BRID
267,WIRE
268,KELYA
269,VFL
270,CLH
271,NRK
272,SSNC
273,CIH
274,VTR
275,PMTS
276,SCX
277,NATI
278,TDC
279,NZF
280,AGM
281,CERE
282,COLL
283,BDSX
284,FDUS
285,UVV
286,TIGR
287,CMAX
288,CPHC
289,GEF
290,MDXG
291,BNS
292,GNE
293,AUPH
294,FNWB
295,CASA
296,NDLS
297,CPK
298,APPN
299,KEYS
300,GDRX
301,MULN
302,SYK
303,JMM
304,SJM
305,VVV
306,PSMT
307,MYOV
308,CSTM
309,WETG
310,DCPH
311,BBY
312,DESP
313,HTZ
314,SPWR
315,SSD
316,MGY
317,ZETA
318,CIO
319,MCW
320,RAAS
321,IMGN
322,AN
323,FANG
324,G
325,NEOV
326,NOG
327,LLAP
328,CBZ
329,CHRW
330,DVAX
331,BLKB
332,STXS
333,VALU
334,ALV
335,NABL
336,CAL
337,GLBE
338,MBI
339,VLGEA
340,USIO
341,GPS
342,WD
343,XNET
344,PDS
345,FLXS
346,GMRE
347,LESL
348,EM
349,OIIM
350,GPCR
351,LAZ
352,MRCC
353,NSSC
354,PRMW
355,CMRE
356,BMRC
357,BLDR
358,NFG
359,TRMR
360,AVNW
361,WWE
362,HTHT
363,GWH
364,CCU
365,FDEU
366,GGE
367,EURN
368,UNTY
369,RXDX
370,HPP
371,SUMO
372,LSTR
373,DKS
374,BALY
375,MDV
376,APYX
377,DK
378,PTC
379,CNMD
380,FOLD
381,TALO
382,AKO-A
383,CLX
384,GRRR
385,ADCT
386,TNYA
387,ORLA
388,HES
389,ALZN
390,ZEV
391,OMC
392,MRTX
393,DTC
394,PRDS
395,NKE
396,DY
397,BBWI
398,FSLR
399,TROW
400,SRL
401,BCYC
402,DIOD
403,PLYA
404,WDC
405,GOOS
406,EVCM
407,ATNI
408,HLT
409,THM
410,WERN
411,PAYA
412,CRGO
413,MDGS
414,WTFC
415,CRTO
416,ONCT
417,EGLX
418,HBM
419,GTE
420,BHF
421,BAX
422,AVXL
423,MODV
424,RM
425,SHEL
426,OVID
427,CCM
428,IT
429,TIPT
430,MAS
431,OTLY
432,ELS
433,RYAAY
434,SCLX
435,ANF
436,BX
437,PSNL
438,BFAM
439,WST
440,RANI
441,TROO
442,ABOS
443,BLFS
444,IEX
445,ACGL
446,UI
447,ORMP
448,ASC
449,BEPC
450,HIFS
451,FUL
452,ASX
453,AMLI
454,MBUU
455,SHW
456,EIX
457,SATS
458,ONEW
459,PCRX
460,PIPR
461,TARS
462,TAST
463,GVA
464,ARLO
465,TNP
466,LIVN
467,USB
468,BCSF
469,ANNX
470,MTCH
471,WSO
472,SOND
473,CSL
474,DCI
475,LIN
476,BGH
477,CNI
478,HCA
479,TAP
480,BMBL
481,TMCI
482,PLXS
483,PFIS
484,USM
485,HLTH
486,SPNT
487,OLPX
488,HCAT
489,SPRO
490,MMYT
491,QSR
492,HUBG
493,ATHM
494,EXAI
495,HKD
496,FOUR
497,CHX
498,NVNO
499,SHOP
500,CI
501,BWXT
502,RETA
503,PSTL
504,AMWL
505,DICE
506,EXR
507,SONY
508,TCRX
509,VRE
510,RVLP
511,CRNC
512,CRM
513,BTE
514,CVLT
515,AFCG
516,IH
517,BA
518,WVE
519,HY
520,EOSE
521,FRG
522,BKKT
523,CRSP
524,HBI
525,LTRX
526,RGLD
527,ALB
528,RMM
529,TRX
530,TDG
531,TOL
532,NDP
533,AZUL
534,GPI
535,HONE
536,CMI
537,ESMT
538,EMN
539,GIII
540,TXN
541,DOCU
542,NWS
543,ETN
544,LAD
545,MRSN
546,INGR
547,BLZE
548,IXHL
549,CMPR
550,HOLO
551,BABA
552,AMYT
553,GEN
554,COOP
555,BARK
556,HASI
557,UPLD
558,EVTL
559,HSTM
560,PASG
561,MESA
562,LOVE
563,RDN
564,LSBK
565,LFMD
566,IDBA
567,NYXH
568,VNOM
569,GCBC
570,ALSN
571,PODD
572,ADP
573,ABCB
574,CCEP
575,TTD
576,ESQ
577,EVRI
578,NG
579,AC
580,CSWC
581,EBS
582,NEWT
583,ARAY
584,QUBT
585,TEL
586,ELBM
587,AEO
588,ODC
589,CRESY
590,DJCO
591,NUTX
592,GET
593,FVRR
594,OKTA
595,ENZ
596,MPLX
597,CODI
598,CBH
599,CCRD
600,CHKP
601,MGTX
602,HOUS
603,AP
604,XPOF
605,CHRS
606,UEC
607,CWK
608,PXLW
609,ROVR
610,ARVL
611,HQI
612,INTC
613,VCEL
614,GTXAP
615,SKIN
616,LQDT
617,SPSC
618,FG
619,EVOP
620,SELF
621,TDY
622,CVGW
623,KODK
624,AIH
625,UGI
626,CYBR
627,VGZ
628,PYXS
629,CVGI
630,RLI
631,BK
632,STCN
633,RVLV
634,EXK
635,TWI
636,LNC
637,PETS
638,NREF
639,SKWD
640,WPP
641,TRVG
642,ES
643,SES
644,CARE
645,PCTI
646,TTI
647,VFC
648,SG
649,PVL
650,HYMC
651,DHY
652,GT
653,PSX
654,FAF
655,RVNC
656,FCNCA
657,FMC
658,NVTS
659,OR
660,PETQ
661,RARE
662,ELF
663,GTY
664,WU
665,FTAI
666,LOPE
667,GRMN
668,LANC
669,OUT
670,AZ
671,KIND
672,QFIN
673,AGS
674,GM
675,EQT
676,PRAA
677,IQ
678,ETNB
679,SHIP
680,FATH
681,THFF
682,VACC
683,BERY
684,PJT
685,LOMA
686,APAM
687,CONN
688,PCOR
689,PAM
690,FBIZ
691,BLUE
692,GIB
693,MLP
694,PGRU
695,UGP
696,EFSC
697,JACK
698,XERS
699,MRC
700,SJ
701,ALGT
702,BIVI
703,ALOT
704,GDO
705,RBBN
706,VIRX
707,ATRC
708,FATE
709,NRC
710,JKHY
711,BLU
712,GLG
713,RBCP
714,PCYO
715,DAVA
716,IMRX
717,VERY
718,SOUN
719,RCON
720,EPD
721,EW
722,CVLY
723,NRT
724,NID
725,CSWI
726,OTIS
727,LEN-B
728,VTNR
729,NAD
730,FET
731,NEP
732,CM
733,DNB
734,GEOS
735,RCMT
736,BLND
737,AGO
738,NEON
739,OSBC
740,ADM
741,RGEN
742,EP
743,MSGM
744,ARKR
745,CIK
746,DLTH
747,ACGLN
748,VLRS
749,STEW
750,FTI
751,CNP
752,AIG
753,ADC
754,INN
755,HQY
756,FRPH
757,FOSL
758,DAO
759,SBNYP
760,SSU
761,SHC
762,WMB
763,MTTR
764,TREX
765,MSA
766,BL
767,SKYX
768,ENLT
769,CIVI
770,FIBK
771,CURO
772,STBX
773,HOFV
774,STKS
775,DD
776,NUVB
777,SKYW
778,XTNT
779,COHU
780,BOX
781,LBTYA
782,SCHL
783,MAC
784,PKBK
785,CUZ
786,IVR
787,CP
788,LPL
789,ARRY
790,ADV
791,FR
792,NIQ
793,LUNR
794,MTA
795,CLNN
796,MGLD
797,GABC
798,ESLT
799,ARHS
800,MAA
801,CACI
802,KWR
803,EPOW
804,HLGN
805,MNSO
806,QDEL
807,CMG
808,ADEA
809,DE
810,VSTA
811,NEX
812,NOAH
813,CLDT
814,AMH
815,NVEC
816,ESRT
817,MFA
818,GCO
819,YRD
820,CABO
821,KNTE
822,BSTZ
823,TERN
824,SILK
825,FORM
826,FMAO
827,NPCE
828,CFB
829,CMC
830,RSG
831,TS
832,BTI
833,UHAL
834,XBIT
835,VCSA
836,LSAK
837,WEAV
838,AMEH
839,ENFN
840,DZSI
841,VPG
842,IFS
843,SLDP
844,DLR
845,GTH
846,GHI
847,GMGI
848,ZM
849,NGVC
850,PHI
851,KRNT
852,OPRT
853,SNFCA
854,OGN
855,TBNK
856,PSTG
857,FRME
858,ARGO
859,VIRC
860,ENTG
861,NVO
862,BCAN
863,CACC
864,GLO
865,KMI
866,FORG
867,BIPC
868,APEI
869,GRFX
870,GTHX
871,WPM
872,GOLF
873,WT
874,CSCO
875,INDT
876,XMTR
877,CNTB
878,MDGL
879,CHS
880,MYFW
881,FAZE
882,TRMD
883,MTN
884,RPTX
885,NGL
886,CD
887,COGT
888,AFBI
889,YSG
890,FIX
891,XOM
892,TPIC
893,UTMD
894,ENLV
895,ESNT
896,NRG
897,AMLX
898,SOI
899,CRD-A
900,AAOI
901,AGX
902,BRK-A
903,LVO
904,MATW
905,MMLP
906,GNTX
907,JOBY
908,PNTG
909,GOSS
910,PYPL
911,GRVY
912,BHIL
913,COST
914,SF
915,CPT
916,SPH
917,BLTE
918,TD
919,TSP
920,ATEX
921,BROG
922,AAT
923,THRN
924,IDXX
925,BASE
926,IBP
927,JCI
928,FWRD
929,CVE
930,KURA
931,PACB
932,PCYG
933,RLJ
934,BSBK
935,RLAY
936,TCN
937,DIBS
938,BIOX
939,AGIL
940,VRA
941,PRQR
942,WISH
943,ALLT
944,OMF
945,BXC
946,WWW
947,MTG
948,GETR
949,FBIOP
950,SGFY
951,ENOV
952,GRFS
953,VALN
954,LVTX
955,ROP
956,RIO
957,RENT
958,ONB
959,SLRC
960,HFFG
961,IAF
962,BCPC
963,LYV
964,BCRX
965,ADBE
966,GLOP
967,GPP
968,AGAE
969,EVTV
970,PAA
971,FITB
972,LAZR
973,UDMY
974,CNHI
975,DPSI
976,MSI
977,CASH
978,QCOM
979,AX
980,OCUP
981,EBF
982,SSB
983,BRX
984,CRVL
985,AACG
986,NOV
987,BSBR
988,NTR
989,PTLO
990,CHPT
991,MDC
992,BDC
993,BRKR
994,LVS
995,EXFY
996,KOD
997,GDOT
998,TXT
999,HTIBP
1000,GXO
1001,BGXX
1002,ARLP
1003,FSCO
1004,MVST
1005,VRTX
1006,CIR
1007,NWFL
1008,FWONA
1009,ASPI
1010,JELD
1011,MSM
1012,BRO
1013,BHG
1014,INFA
1015,META
1016,SRCL
1017,KRMD
1018,ANDE
1019,ROIV
1020,SRAD
1021,MERC
1022,UA
1023,GSBD
1024,GPC
1025,CIVB
1026,FCAP
1027,IPGP
1028,INTU
1029,SHOO
1030,CUTR
1031,NEWP
1032,NVX
1033,CLLS
1034,BBSI
1035,CNQ
1036,OVLY
1037,BZ
1038,GTLB
1039,SNCR
1040,FE
1041,KRYS
1042,PKX
1043,LKQ
1044,AKO-B
1045,BANC
1046,UTZ
1047,AMBP
1048,GNL
1049,SPRB
1050,WEN
1051,ARMK
1052,RS
1053,FLS
1054,RRBI
1055,SEIC
1056,ACRE
1057,ALNY
1058,HNNA
1059,OBIO
1060,CGAU
1061,TDS
1062,BYFC
1063,ACHR
1064,WHR
1065,OM
1066,DAN
1067,TOWN
1068,NTB
1069,HYI
1070,HCM
1071,CUBE
1072,LAB
1073,SNOW
1074,VST
1075,STEM
1076,FTCI
1077,CNOB
1078,TNDM
1079,BWEN
1080,MXCT
1081,XYF
1082,PAG
1083,ORCL
1084,RES
1085,KLXE
1086,AMP
1087,OEC
1088,CPNG
1089,XPEL
1090,KALU
1091,MO
1092,PBR
1093,NVG
1094,DEI
1095,NVMI
1096,LL
1097,RACE
1098,MPB
1099,GSAT
1100,MHH
1101,CFFN
1102,GLT
1103,STER
1104,SAND
1105,STBA
1106,EWCZ
1107,SUPN
1108,NKTR
1109,LPG
1110,NEU
1111,BGI
1112,UPS
1113,VRSK
1114,ALLO
1115,CFBK
1116,LIFE
1117,YTRA
1118,NE
1119,PET
1120,LANDM
1121,TPC
1122,ZD
1123,MRNS
1124,CWEN
1125,SEV
1126,GATX
1127,STVN
1128,SMMT
1129,EPSN
1130,SPXC
1131,IMOS
1132,PRVB
1133,SII
1134,MXL
1135,MEG
1136,GGN
1137,STRL
1138,VZ
1139,PLSE
1140,DG
1141,BRAG
1142,CYTK
1143,CTBI
1144,MBLY
1145,ZG
1146,INST
1147,PHAT
1148,GDYN
1149,GBTG
1150,MCHP
1151,DAR
1152,MAPS
1153,ACM
1154,OII
1155,EXTR
1156,ELME
1157,PDCE
1158,LUMN
1159,HRMY
1160,KR
1161,BKSY
1162,PGNY
1163,CZNC
1164,BSRR
1165,FSK
1166,KEX
1167,RELL
1168,MDRX
1169,QS
1170,MOV
1171,FOR
1172,FFWM
1173,HEI-A
1174,XP
1175,STEP
1176,HUBS
1177,CARS
1178,WFRD
1179,CGEM
1180,MNTV
1181,IMNM
1182,NXST
1183,AGNCL
1184,BCBP
1185,GMDA
1186,ATSG
1187,TMC
1188,FPL
1189,GNS
1190,UAN
1191,NBR
1192,IMMP
1193,BANX
1194,AMD
1195,CATO
1196,ALBO
1197,BE
1198,VVX
1199,LRFC
1200,CMCL
1201,CC
1202,MVO
1203,BHLB
1204,SPR
1205,CINC
1206,NOA
1207,QLYS
1208,GNUS
1209,BCAB
1210,AOMR
1211,CSR
1212,TX
1213,DXLG
1214,SSTI
1215,DSGN
1216,UIS
1217,DRTS
1218,DFIN
1219,FTNT
1220,RGF
1221,PRST
1222,DNMR
1223,IR
1224,SNCY
1225,HHS
1226,ISTR
1227,ATLO
1228,LGO
1229,EQRX
1230,HFRO
1231,EGLE
1232,FLT
1233,SBUX
1234,STLA
1235,SYRS
1236,PEG
1237,PFIE
1238,AEP
1239,FWONK
1240,MVIS
1241,CSTR
1242,PERF
1243,ATCO
1244,MBC
1245,AGI
1246,RYI
1247,KPTI
1248,LQDA
1249,GIFI
1250,ORI
1251,AGYS
1252,RVMD
1253,IPAR
1254,AKAM
1255,JAMF
1256,OCN
1257,ALRM
1258,PHAR
1259,LIFW
1260,FTHM
1261,BHP
1262,SEAS
1263,TSN
1264,XHR
1265,CHRD
1266,AIRC
1267,LTRPA
1268,BNGO
1269,TPG
1270,MVF
1271,DENN
1272,GATO
1273,ASH
1274,HLMN
1275,MESO
1276,GOEV
1277,PBT
1278,AFT
1279,CTRM
1280,LTRPB
1281,KNSA
1282,GBCI
1283,MSGE
1284,FRGE
1285,RIOT
1286,NUO
1287,ITRI
1288,SPG
1289,LWAY
1290,NHI
1291,HZO
1292,WLFC
1293,KAI
1294,SGH
1295,PNM
1296,CPSI
1297,WGS
1298,GOOG
1299,PEGA
1300,HBAN
1301,ENB
1302,SANA
1303,DCGO
1304,PYR
1305,OTTR
1306,MCS
1307,LAC
1308,LYTS
1309,CMA
1310,KEN
1311,GRCL
1312,AOUT
1313,FMX
1314,CYD
1315,DCFC
1316,BELFB
1317,NNBR
1318,MU
1319,KD
1320,CELC
1321,ITI
1322,GLDD
1323,NVS
1324,GROY
1325,GSMG
1326,AVTR
1327,USAS
1328,OVBC
1329,BRLT
1330,HEXO
1331,EA
1332,LKFN
1333,EWBC
1334,CMTG
1335,HSIC
1336,LECO
1337,MDNA
1338,HGTY
1339,SAN
1340,HEPS
1341,FBIO
1342,FSFG
1343,ATRO
1344,ALT
1345,PPTA
1346,INMB
1347,CWEN-A
1348,MGEE
1349,WCC
1350,CGNT
1351,PAXS
1352,TECK
1353,ZVIA
1354,NWPX
1355,AON
1356,NEE
1357,PFS
1358,PMT
1359,CF
1360,AQUA
1361,ZIP
1362,FHTX
1363,HAYN
1364,SCVL
1365,NKG
1366,HTBK
1367,FARO
1368,SCOR
1369,RCEL
1370,DOV
1371,CB
1372,NOTE
1373,FORR
1374,LVWR
1375,WOOF
1376,TWO
1377,SSP
1378,AEE
1379,HGV
1380,FNV
1381,INOD
1382,RUN
1383,LARK
1384,CPA
1385,TRC
1386,MCK
1387,CTV
1388,BOLT
1389,MOS
1390,ENOB
1391,LYFT
1392,CDXC
1393,ZEUS
1394,IIPR
1395,PENN
1396,RDI
1397,WSBF
1398,WELL
1399,CALM
1400,DLA
1401,SVC
1402,SWN
1403,KN
1404,VNET
1405,CWAN
1406,PFG
1407,CLF
1408,ULH
1409,BBDC
1410,CYH
1411,ICHR
1412,RCAT
1413,EWTX
1414,ACI
1415,NYMT
1416,KFRC
1417,SID
1418,IONQ
1419,SCPL
1420,ADES
1421,REAL
1422,BSX
1423,UCL
1424,MNTS
1425,TILE
1426,MKC
1427,TIGO
1428,ATOS
1429,ORGN
1430,EBR
1431,BZH
1432,HR
1433,PDD
1434,MBIN
1435,FELE
1436,KEY
1437,FENC
1438,GECC
1439,BEKE
1440,SEM
1441,PAGS
1442,VCTR
1443,WPC
1444,SRPT
1445,GALT
1446,GGR
1447,TA
1448,KORE
1449,XAIR
1450,MDB
1451,AEM
1452,FLNG
1453,OBNK
1454,EXP
1455,INFY
1456,ATI
1457,LE
1458,INVE
1459,COLM
1460,POOL
1461,AIF
1462,RIDE
1463,ALLE
1464,EVA
1465,SON
1466,MTRN
1467,AREC
1468,LRCX
1469,ASTS
1470,IAS
1471,XPO
1472,RICK
1473,TRNO
1474,KRP
1475,PBFS
1476,ADTN
1477,CBOE
1478,BJ
1479,FN
1480,MYNA
1481,PLAB
1482,CYBN
1483,HFBL
1484,VSEC
1485,COTY
1486,AXON
1487,CCNE
1488,AEF
1489,EBTC
1490,WEX
1491,FRPT
1492,AHCO
1493,TKNO
1494,SM
1495,ATOM
1496,BSMX
1497,LDI
1498,RMBS
1499,PCVX
1500,CVCO
1501,BFS
1502,VATE
1503,HSON
1504,VECT
1505,III
1506,AMSWA
1507,WAL
1508,ALL
1509,BFST
1510,OPAD
1511,IOT
1512,NBW
1513,EDR
1514,MMM
1515,ZIMV
1516,FDX
1517,TUSK
1518,BKTI
1519,IRTC
1520,SBRA
1521,APG
1522,TGT
1523,OPP
1524,JHX
1525,LEE
1526,CTMX
1527,SBOW
1528,OGI
1529,VYGR
1530,VCYT
1531,IVH
1532,JRSH
1533,ZI
1534,FCRD
1535,BKSC
1536,RCII
1537,AIRT
1538,GROV
1539,FCBC
1540,RH
1541,TEDU
1542,LBAI
1543,NGS
1544,WMC
1545,PLRX
1546,NHTC
1547,CORT
1548,RPD
1549,DBX
1550,SMG
1551,GTES
1552,TPR
1553,PRTG
1554,IIIN
1555,KPLT
1556,CRIS
1557,STRA
1558,LSPD
1559,MAN
1560,ATAT
1561,UPXI
1562,SPOK
1563,HIBB
1564,PMCB
1565,SAVE
1566,HTBI
1567,VMI
1568,WEST
1569,GPK
1570,AGFS
1571,DPZ
1572,LNTH
1573,BWFG
1574,GGB
1575,TER
1576,PLUS
1577,ROG
1578,LINC
1579,FNKO
1580,FFIE
1581,AM
1582,INTG
1583,GRAB
1584,MAT
1585,JAZZ
1586,NRGV
1587,BUD
1588,HST
1589,SNA
1590,ZNTL
1591,SMR
1592,GLUE
1593,KIM
1594,OSTK
1595,CDTX
1596,BG
1597,AIR
1598,PACK
1599,TPB
1600,IRT
1601,BRFS
1602,CBU
1603,KOPN
1604,HWM
1605,TGI
1606,METC
1607,OPOF
1608,EFXT
1609,PDFS
1610,HLNE
1611,FNF
1612,C
1613,APO
1614,WF
1615,WINA
1616,CTXR
1617,HYZN
1618,CSPI
1619,MDT
1620,SIFY
1621,STIX
1622,V
1623,BLDE
1624,GES
1625,LND
1626,CARR
1627,TYL
1628,MCBC
1629,SOLO
1630,SXI
1631,BPT
1632,GWRS
1633,EGIO
1634,MAXN
1635,CRMT
1636,AIP
1637,HI
1638,INDI
1639,DRTT
1640,ENX
1641,INKT
1642,NKSH
1643,ORN
1644,ALEC
1645,AEIS
1646,AZZ
1647,VIAO
1648,DCBO
1649,FTDR
1650,DB
1651,SEMR
1652,INTA
1653,HMY
1654,TGB
1655,KLTR
1656,EIG
1657,MNSB
1658,BVN
1659,QRTEA
1660,AAPL
1661,NYMTZ
1662,IFRX
1663,SMFG
1664,STRM
1665,OCFC
1666,NIC
1667,LGND
1668,PG
1669,NI
1670,FSLY
1671,CLVT
1672,HMNF
1673,PGEN
1674,SNDL
1675,BORR
1676,LTC
1677,BCH
1678,SWK
1679,EU
1680,VIST
1681,SOPH
1682,POWW
1683,MYTE
1684,HSKA
1685,NVDA
1686,NVRO
1687,STAG
1688,PAHC
1689,CSTE
1690,PLBC
1691,TISI
1692,CRBG
1693,SRTS
1694,SAMG
1695,BAC
1696,ROIC
1697,ONON
1698,MEDP
1699,CMTL
1700,LOB
1701,RMAX
1702,AWI
1703,EDRY
1704,CLDX
1705,ICL
1706,CWCO
1707,CLMT
1708,LILAK
1709,BR
1710,PBHC
1711,HPQ
1712,DMF
1713,INO
1714,CAG
1715,IRM
1716,TRTN
1717,KO
1718,IVVD
1719,RRX
1720,ISSC
1721,TBIO
1722,QBTS
1723,IGT
1724,PBH
1725,CDMO
1726,UVSP
1727,SLQT
1728,ARKO
1729,ABB
1730,PROF
1731,TAC
1732,ERH
1733,ATY
1734,LNN
1735,DTE
1736,ESP
1737,ARI
1738,DRQ
1739,YALA
1740,CIG
1741,OTMO
1742,GERN
1743,PMVP
1744,AMG
1745,PFLT
1746,TZOO
1747,CFR
1748,UONE
1749,BSIG
1750,NTIP
1751,OSIS
1752,CCSI
1753,KALV
1754,LRMR
1755,DSKE
1756,DDD
1757,GLSI
1758,ICPT
1759,TMUS
1760,FHI
1761,RDY
1762,IMKTA
1763,GOL
1764,KRT
1765,SLGL
1766,BCOV
1767,SNEX
1768,LCID
1769,GILD
1770,MPAA
1771,ANTX
1772,SGC
1773,MAYS
1774,RELY
1775,AGCO
1776,STKL
1777,NPO
1778,ACIU
1779,ASPS
1780,BEP
1781,MRK
1782,ESGR
1783,GLV
1784,BBW
1785,SCHW
1786,RCM
1787,WABC
1788,HZNP
1789,SPPP
1790,WEYS
1791,LLY
1792,ESTE
1793,OMGA
1794,XOMAO
1795,ASML
1796,HNST
1797,NXDT
1798,SANW
1799,EVEX
1800,ADVM
1801,CNXC
1802,RGNX
1803,ARCH
1804,CRD-B
1805,SBT
1806,TME
1807,TWST
1808,POWL
1809,RMBI
1810,AQB
1811,NAT
1812,SCU
1813,TACT
1814,CSAN
1815,STG
1816,TRHC
1817,PRE
1818,MSBIP
1819,EEX
1820,CVNA
1821,THG
1822,TRST
1823,JNCE
1824,LIAN
1825,OSCR
1826,ITRN
1827,BMA
1828,CG
1829,NMM
1830,VBNK
1831,RY
1832,ESI
1833,TRV
1834,RDW
1835,DOC
1836,QCRH
1837,ABBV
1838,TWIN
1839,WRBY
1840,SYF
1841,XPER
1842,MMSI
1843,ETX
1844,APTO
1845,GAN
1846,MPC
1847,OKE
1848,OZKAP
1849,SGHT
1850,BSGM
1851,PX
1852,INNV
1853,EVV
1854,HPE
1855,SNDR
1856,NBN
1857,PEAK
1858,SURG
1859,TENB
1860,CPB
1861,CZWI
1862,VRAY
1863,TSAT
1864,IAA
1865,TRNS
1866,BRDS
1867,LEG
1868,SGRY
1869,PGRE
1870,MSFT
1871,VSTO
1872,ITOS
1873,LYRA
1874,IIIV
1875,BNRE
1876,GENC
1877,UNM
1878,AR
1879,MKUL
1880,CAKE
1881,SPLP
1882,SHBI
1883,AKBA
1884,HP
1885,TELL
1886,BGFV
1887,GNFT
1888,HTGC
1889,KITT
1890,VEL
1891,ASO
1892,EDIT
1893,SWI
1894,BVS
1895,AMNB
1896,TGTX
1897,BDTX
1898,CATY
1899,GCI
1900,AMWD
1901,HE
1902,NGVT
1903,MLVF
1904,SYBX
1905,ALLG
1906,HUDI
1907,MEC
1908,AMAM
1909,NATR
1910,MTW
1911,VIRT
1912,FOX
1913,DMS
1914,AUDC
1915,AGR
1916,PII
1917,ESTC
1918,UBER
1919,PIRS
1920,GEG
1921,FDS
1922,AXTI
1923,GNW
1924,JBLU
1925,SAP
1926,IRON
1927,FRSH
1928,UHT
1929,CARG
1930,ULCC
1931,WHG
1932,DARE
1933,IPG
1934,NARI
1935,SEB
1936,PRPL
1937,CCB
1938,ASTR
1939,PRI
1940,OXM
1941,NWG
1942,XPRO
1943,GBDC
1944,LFMDP
1945,DOW
1946,EXPR
1947,CURI
1948,CCK
1949,SCS
1950,ARDC
1951,CNXN
1952,ALIT
1953,GOODO
1954,BKD
1955,EDAP
1956,CSTL
1957,SUNW
1958,GOTU
1959,HROW
1960,SAIA
1961,CRAI
1962,AEG
1963,CNA
1964,AVD
1965,FAT
1966,GAIN
1967,BCML
1968,JXN
1969,CRNX
1970,NR
1971,PVBC
1972,KA
1973,NPV
1974,STR
1975,DVN
1976,EGRX
1977,OMIC
1978,EML
1979,FCEL
1980,VANI
1981,SKT
1982,NOW
1983,VERX
1984,SKX
1985,BLI
1986,ASTL
1987,YEXT
1988,FOXF
1989,NPK
1990,LIDR
1991,FFIN
1992,ELLO
1993,MPLN
1994,HESM
1995,EJH
1996,RBA
1997,MGPI
1998,BKH
1999,DGX
2000,BLE
2001,DX
2002,RIVN
2003,APLS
2004,CCRN
2005,SAL
2006,UTHR
2007,HWKN
2008,IPHA
2009,IPA
2010,UBA
2011,ATO
2012,SITE
2013,TTSH
2014,QUAD
2015,RIG
2016,PGTI
2017,NGMS
2018,IDCC
2019,TFIN
2020,BSM
2021,GEHC
2022,OPBK
2023,HHC
2024,XM
2025,LGVN
2026,PEN
2027,SBS
2028,FTK
2029,RLTY
2030,CCF
2031,LMND
2032,DRVN
2033,ASLE
2034,CAN
2035,CGBD
2036,BCTX
2037,CISO
2038,AURA
2039,INBK
2040,AXSM
2041,HYW
2042,JNPR
2043,BOOM
2044,SUP
2045,PLAY
2046,IOBT
2047,CSGP
2048,HUBB
2049,SBH
2050,JJSF
2051,WDS
2052,ANIX
2053,PWSC
2054,OPEN
2055,HAFC
2056,MLGO
2057,APD
2058,ETRN
2059,GPRK
2060,GSBC
2061,PCTY
2062,GFF
2063,CERT
2064,ETSY
2065,MMC
2066,MCHX
2067,SBGI
2068,T
2069,ESAB
2070,CCLP
2071,BHFAM
2072,WDH
2073,MSTR
2074,SBLK
2075,PGR
2076,WYNN
2077,PGZ
2078,ALCO
2079,MAG
2080,TREE
2081,NESR
2082,HUYA
2083,MYPS
2084,EGBN
2085,CPRI
2086,VGAS
2087,SHCR
2088,WRAP
2089,LEV
2090,LOOP
2091,INFN
2092,VREX
2093,KMT
2094,CHSCL
2095,IEP
2096,MMMB
2097,RKLB
2098,CDZIP
2099,MIRM
2100,KARO
2101,PEBK
2102,IART
2103,GEVO
2104,MBINM
2105,OSUR
2106,TSLX
2107,MVLA
2108,CCO
2109,VNDA
2110,NMS
2111,ERAS
2112,FF
2113,STX
2114,CNNE
2115,ZIM
2116,SONX
2117,MCY
2118,AREN
2119,SVRA
2120,TPVG
2121,RPRX
2122,RUSHB
2123,ADPT
2124,OSH
2125,BBIG
2126,PBF
2127,VAL
2128,AESC
2129,PRG
2130,CHMI
2131,NOMD
2132,DRCT
2133,STNE
2134,FHB
2135,VZIO
2136,DTM
2137,RKDA
2138,GDS
2139,COLD
2140,CURV
2141,ITCB
2142,HOVNP
2143,PI
2144,AFG
2145,ACLX
2146,VEON
2147,AGL
2148,STT
2149,CARA
2150,WTS
2151,SGMO
2152,IROQ
2153,FCCO
2154,ZOM
2155,OSS
2156,LXRX
2157,STM
2158,CSX
2159,DHIL
2160,STZ
2161,REYN
2162,HSBC
2163,QIPT
2164,MRAM
2165,FROG
2166,NMR
2167,AMED
2168,PHM
2169,EARN
2170,PLBY
2171,SEDG
2172,MC
2173,RSI
2174,UEIC
2175,EME
2176,TSBK
2177,MA
2178,MSBI
2179,MLTX
2180,MMS
2181,MP
2182,CAPR
2183,TXG
2184,RF
2185,TXO
2186,FISV
2187,BEAM
2188,AVTE
2189,MCFT
2190,HRI
2191,BHC
2192,CDXS
2193,EMBK
2194,LZB
2195,THTX
2196,PDSB
2197,BDN
2198,GLOB
2199,NOTV
2200,NWLI
2201,FIS
2202,HMC
2203,BBVA
2204,VMEO
2205,CTSO
2206,MORN
2207,KT
2208,FSS
2209,CIA
2210,EYE
2211,NRDS
2212,GHLD
2213,AHH
2214,PLYM
2215,TRIP
2216,CCAP
2217,RLMD
2218,INTZ
2219,GRIN
2220,ERF
2221,GL
2222,CS
2223,MAXR
2224,ATXS
2225,PANL
2226,SCTL
2227,SESN
2228,PR
2229,ECBK
2230,SBSI
2231,NVST
2232,TTCF
2233,COMP
2234,CAT
2235,XFOR
2236,FLEX
2237,SY
2238,DMB
2239,BECN
2240,PFSW
2241,EMKR
2242,CLPR
2243,AGNC
2244,COUR
2245,SPLK
2246,NECB
2247,CSII
2248,DEA
2249,GFL
2250,R
2251,BB
2252,AXR
2253,DOLE
2254,TTP
2255,DOX
2256,ONCY
2257,EYPT
2258,SPPI
2259,OPI
2260,CDZI
2261,CASY
2262,NLS
2263,FTF
2264,CET
2265,MQ
2266,JOAN
2267,VBFC
2268,LKCO
2269,API
2270,TPZ
2271,RNA
2272,UTL
2273,GO
2274,RXRX
2275,CTAS
2276,TTC
2277,PL
2278,ALLY
2279,FEAM
2280,SLAB
2281,SUM
2282,X
2283,JFIN
2284,PRAX
2285,MGTA
2286,MDWD
2287,VRM
2288,LFUS
2289,WAFD
2290,ABST
2291,RRC
2292,WES
2293,KFS
2294,SI
2295,FRBK
2296,CQP
2297,EHAB
2298,SB
2299,Z
2300,HAYW
2301,CINF
2302,SPB
2303,ENIC
2304,MGA
2305,ADMA
2306,RPM
2307,TTWO
2308,CANG
2309,HTLD
2310,SBNY
2311,KKR
2312,QMCO
2313,HBNC
2314,CNC
2315,OPT
2316,MEOH
2317,NAII
2318,MOFG
2319,GLQ
2320,ALKS
2321,AMSF
2322,WBD
2323,DO
2324,PRU
2325,SYNH
2326,LICY
2327,CRBP
2328,THCH
2329,BCO
2330,UWMC
2331,LPSN
2332,BYSI
2333,WAB
2334,NSP
2335,EAT
2336,ADSE
2337,NNI
2338,TSHA
2339,PAYX
2340,CHE
2341,RYN
2342,ENVX
2343,AYX
2344,HELE
2345,EDU
2346,SAVA
2347,YUMC
2348,BTG
2349,NCNA
2350,HIMS
2351,DMO
2352,EVH
2353,FBRT
2354,KLIC
2355,MODG
2356,JBI
2357,SHLS
2358,SXC
2359,CVX
2360,VIAV
2361,MPX
2362,TDCX
2363,BC
2364,PROC
2365,IBKR
2366,CNO
2367,UL
2368,MKFG
2369,FLUX
2370,WDFC
2371,AMX
2372,SIG
2373,NXGN
2374,HEAR
2375,AMAT
2376,BAND
2377,AIRG
2378,GPMT
2379,FRO
2380,DOYU
2381,VTEX
2382,ITGR
2383,HBIO
2384,OCUL
2385,AUBN
2386,USAC
2387,BSET
2388,CPLP
2389,BXMT
2390,WTBA
2391,SCSC
2392,COO
2393,AORT
2394,PLTK
2395,THR
2396,MMAT
2397,WHD
2398,RYAN
2399,FREY
2400,RNGR
2401,IOSP
2402,DGII
2403,USEG
2404,HSY
2405,APA
2406,M
2407,ATAI
2408,WNS
2409,XLO
2410,AAON
2411,BRMK
2412,WTM
2413,IOVA
2414,DFLI
2415,PNRG
2416,NEM
2417,NSIT
2418,MET
2419,FEN
2420,RILY
2421,CVV
2422,SIM
2423,RTO
2424,SRCE
2425,IBCP
2426,KXIN
2427,CTRN
2428,SSTK
2429,ESE
2430,GP
2431,MDLZ
2432,CLBT
2433,LCNB
2434,ARCO
2435,RA
2436,EAD
2437,HLX
2438,OLO
2439,MKL
2440,AHT
2441,NVR
2442,AMKR
2443,ARQT
2444,MLI
2445,BKU
2446,OPTN
2447,GRNA
2448,ECVT
2449,RCL
2450,DCT
2451,FONR
2452,BIP
2453,PSN
2454,LIND
2455,DKL
2456,EVBN
2457,SUZ
2458,CBRL
2459,BEEM
2460,AMPH
2461,BRBR
2462,HEP
2463,GNPX
2464,TASK
2465,ACET
2466,HMPT
2467,VLD
2468,CTRA
2469,ARBK
2470,TMO
2471,CRWD
2472,SAH
2473,FKWL
2474,LHCG
2475,SFBS
2476,VBTX
2477,ONL
2478,FL
2479,OSPN
2480,AGIO
2481,CRF
2482,FIP
2483,TR
2484,BNTX
2485,RE
2486,CHUY
2487,AVAH
2488,DRRX
2489,SHG
2490,MOD
2491,AAWW
2492,SMWB
2493,AGRO
2494,CODA
2495,DSX
2496,DEN
2497,HNW
2498,FUBO
2499,BKI
2500,AMOT
2501,PTA
2502,IDT
2503,IDEX
2504,BRT
2505,ZGN
2506,FURY
2507,NXT
2508,HOV
2509,AMCR
2510,CBSH
2511,APPS
2512,PSEC
2513,PLOW
2514,CMS
2515,SBEV
2516,DSGX
2517,HOLI
2518,KRNY
2519,OMER
2520,KMPR
2521,AVAV
2522,MVBF
2523,SDC
2524,DBD
2525,OMEX
2526,MTDR
2527,CPTN
2528,KBH
2529,SSSS
2530,AIZ
2531,PRLD
2532,NTRA
2533,LANDO
2534,CNDT
2535,DNA
2536,ALPS
2537,SPGI
2538,LYEL
2539,RWT
2540,IMMR
2541,JD
2542,ILMN
2543,CATC
2544,MTLS
2545,RPT
2546,BWBBP
2547,FBP
2548,WLY
2549,ATEC
2550,BRK-B
2551,IVA
2552,VEEV
2553,CLGN
2554,PLL
2555,MFC
2556,KYMR
2557,PLCE
2558,OHI
2559,RBC
2560,WNC
2561,MCRI
2562,GRND
2563,TK
2564,ACR
2565,OTEX
2566,SLVM
2567,IMAX
2568,EB
2569,AMZN
2570,STNG
2571,ANGI
2572,KMX
2573,OMI
2574,ESEA
2575,DHI
2576,CBT
2577,EVER
2578,ELA
2579,SERA
2580,AKA
2581,ARCT
2582,CODX
2583,SFNC
2584,SWTX
2585,EQBK
2586,NTCT
2587,IPWR
2588,NAVI
2589,IGI
2590,ESS
2591,XPEV
2592,BWA
2593,MACK
2594,DOCN
2595,TWLO
2596,UHS
2597,ERC
2598,VZLA
2599,NUW
2600,TLK
2601,HVT
2602,NDAQ
2603,MGM
2604,LTH
2605,BMRN
2606,OLK
2607,CCS
2608,FNGR
2609,AIMC
2610,FBIN
2611,GORO
2612,WOR
2613,PFSI
2614,CPSS
2615,BMY
2616,STWD
2617,SPTN
2618,LAZY
2619,BTAI
2620,ALK
2621,PRPH
2622,NAPA
2623,RRR
2624,VNO
2625,DRIO
2626,AFYA
2627,FPH
2628,CDLX
2629,VXRT
2630,VMC
2631,AFMD
2632,NET
2633,F
2634,FTV
2635,KBAL
2636,PAX
2637,SYNA
2638,ALE
2639,TRS
2640,JBHT
2641,INBX
2642,ERIC
2643,EVR
2644,STAA
2645,MFG
2646,VVNT
2647,SMTI
2648,AMAL
2649,ADUS
2650,JAKK
2651,VRAR
2652,HD
2653,LGF-A
2654,ULBI
2655,UTI
2656,SWAV
2657,CASS
2658,CALT
2659,BITF
2660,NVCT
2661,CULP
2662,TTGT
2663,IAC
2664,D
2665,OFED
2666,UHAL-B
2667,OPNT
2668,CIB
2669,CADE
2670,RDFN
2671,DIT
2672,BLDP
2673,NTST
2674,PFGC
2675,USAP
2676,MOND
2677,EMBC
2678,PNNT
2679,ASRV
2680,VOXR
2681,BODY
2682,SGEN
2683,VTLE
2684,NMIH
2685,HAE
2686,BV
2687,LTCH
2688,SPRU
2689,EXPO
2690,U
2691,BHB
2692,AE
2693,CRMD
2694,VTS
2695,CLM
2696,NFLX
2697,CTKB
2698,SMBC
2699,CEF
2700,MLM
2701,SNAL
2702,TG
2703,WSFS
2704,WIMI
2705,BGS
2706,EAR
2707,ENPH
2708,DH
2709,CTLP
2710,VTRU
2711,GMS
2712,DAWN
2713,FLYW
2714,APTV
2715,TGH
2716,PRTS
2717,LEN
2718,ELAN
2719,MYE
2720,TV
2721,CNTY
2722,ROCC
2723,NUVL
2724,CRH
2725,BCS
2726,ALGN
2727,INVH
2728,PAYO
2729,WASH
2730,GEO
2731,SBSW
2732,SMP
2733,PLG
2734,CENTA
2735,FORA
2736,AZEK
2737,TT
2738,QTRX
2739,SITC
2740,XYL
2741,ERII
2742,SELB
2743,NXJ
2744,DLX
2745,QSG
2746,PHVS
2747,SAFE
2748,AMRS
2749,PRDO
2750,LAUR
2751,MIXT
2752,CUBI
2753,MASS
2754,CEVA
2755,FINW
2756,DIN
2757,TUP
2758,NEWR
2759,VRNS
2760,CHT
2761,PGY
2762,IMUX
2763,ASRT
2764,TGLS
2765,WBA
2766,XRAY
2767,BKNG
2768,SU
2769,ATLC
2770,MOG-A
2771,AMPL
2772,RCUS
2773,UTRS
2774,SIGIP
2775,PTRA
2776,NBIX
2777,CYT
2778,SDRL
2779,YORW
2780,DELL
2781,PRGO
2782,TNK
2783,LPX
2784,ICD
2785,URBN
2786,NWBI
2787,CDAY
2788,UNIT
2789,YUM
2790,NC
2791,MPW
2792,CHSCO
2793,ZEPP
2794,SNY
2795,TSEM
2796,GRTS
2797,SND
2798,H
2799,MODN
2800,COCO
2801,RFL
2802,SSYS
2803,LNG
2804,DC
2805,PECO
2806,BKR
2807,SCL
2808,TGNA
2809,FISI
2810,FFIV
2811,OSG
2812,FRC
2813,BYND
2814,ULTA
2815,WMK
2816,FOXA
2817,ICUI
2818,GHL
2819,BZUN
2820,ASM
2821,QUIK
2822,GPN
2823,SIRE
2824,NSA
2825,VLY
2826,SLCA
2827,NOK
2828,AVNT
2829,WY
2830,FTAIP
2831,LAKE
2832,ST
2833,VNCE
2834,NMZ
2835,CUK
2836,MRDB
2837,NEXT
2838,SFE
2839,FVCB
2840,ETR
2841,GPOR
2842,ARQQ
2843,TWOU
2844,EIGR
2845,AVAL
2846,TTEK
2847,CENX
2848,RAMP
2849,BOC
2850,QUOT
2851,SEER
2852,RVPH
2853,CUE
2854,WBX
2855,BMEA
2856,ALHC
2857,EC
2858,MSC
2859,MAR
2860,TEO
2861,JYNT
2862,GRPH
2863,CPG
2864,PAAS
2865,VRTV
2866,LIVE
2867,NODK
2868,CRNT
2869,IX
2870,ABM
2871,DOOO
2872,LOW
2873,FFBC
2874,UROY
2875,VGR
2876,OFS
2877,KB
2878,WILC
2879,NIMC
2880,MRTN
2881,STRC
2882,JMIA
2883,BOTJ
2884,ARDX
2885,SLGN
2886,RDNT
2887,HRT
2888,OCFT
2889,HII
2890,SSL
2891,VNT
2892,SVM
2893,FRBA
2894,HL
2895,NAZ
2896,EXPE
2897,SGML
2898,GFI
2899,LBPH
2900,ORTX
2901,NTES
2902,VORB
2903,VSTM
2904,APH
2905,CELH
2906,GOOD
2907,SENEA
2908,ICVX
2909,SUI
2910,HLIT
2911,DSWL
2912,KMPH
2913,ABG
2914,GD
2915,PGC
2916,AZRE
2917,DRH
2918,KRG
2919,SMSI
2920,NAUT
2921,NIO
2922,LNW
2923,CCCS
2924,TAK
2925,VIEW
2926,TMDX
2927,LOCO
2928,NVEE
2929,SCI
2930,MAIN
2931,DXCM
2932,NWTN
2933,VIV
2934,EQIX
2935,GETY
2936,LTHM
2937,REKR
2938,ORCC
2939,BANF
2940,KSS
2941,OLN
2942,MLKN
2943,TSM
2944,FLNC
2945,GTN
2946,ATKR
2947,URI
2948,BANR
2949,PUYI
2950,CSGS
2951,CME
2952,TWNK
2953,TRIN
2954,CNM
2955,AKR
2956,HNI
2957,DNUT
2958,BSAC
2959,GLP
2960,MSB
2961,COLB
2962,TSLA
2963,ODFL
2964,LXP
2965,SACH
2966,TEAM
2967,NX
2968,CMT
2969,CADL
2970,OTLK
2971,REFI
2972,TMQ
2973,SHAK
2974,DLO
2975,FC
2976,SPIR
2977,IQV
2978,OMCL
2979,HBT
2980,HUIZ
2981,TCS
2982,EQC
2983,LPTV
2984,FANH
2985,ABEV
2986,BFIN
2987,AMRC
2988,CMP
2989,BLMN
2990,SLDB
2991,LMT
2992,CRS
2993,EBC
2994,LOCL
2995,AZTA
2996,JBGS
2997,HIMX
2998,UP
2999,YPF
3000,STRO
3001,IE
3002,AKLI
3003,NRIX
3004,REGN
3005,NVCR
3006,AWK
3007,PHG
3008,UDR
3009,TCRR
3010,ROL
3011,NRIM
3012,HIVE
3013,IPI
3014,SPFI
3015,FORTY
3016,BCEL
3017,PSFE
3018,XOS
3019,MNST
3020,ACDC
3021,ORAN
3022,SKE
3023,ORA
3024,NTCO
3025,FSR
3026,B
3027,IMCR
3028,NVCN
3029,BF-B
3030,EQX
3031,AIRS
3032,PNC
3033,CIEN
3034,AZPN
3035,SIGA
3036,FLNT
3037,HCP
3038,BXP
3039,TCFC
3040,PBYI
3041,IMVT
3042,GNSS
3043,WFCF
3044,FUN
3045,VSAT
3046,GPRE
3047,CTS
3048,AJX
3049,VOYA
3050,GRPN
3051,SKYH
3052,ZION
3053,AXS
3054,PH
3055,WKHS
3056,CDW
3057,TALK
3058,KAR
3059,CEV
3060,QNST
3061,PUBM
3062,MOR
3063,ACLS
3064,ATLX
3065,BNR
3066,L
3067,CAPL
3068,IPSC
3069,HGBL
3070,NWN
3071,LFCR
3072,YMM
3073,IRDM
3074,NDSN
3075,HYFM
3076,TM
3077,MBWM
3078,KDNY
3079,SIX
3080,AES
3081,KRTX
3082,CHWY
3083,EVLO
3084,BMO
3085,FSTR
3086,NBTB
3087,GNLX
3088,IHRT
3089,SIVB
3090,FMNB
3091,ECX
3092,COP
3093,NRDY
3094,PPBI
3095,IAUX
3096,GAU
3097,ON
3098,ROK
3099,NNN
3100,ALLK
3101,CACO
3102,ACN
3103,AMBC
3104,ODP
3105,PBA
3106,JPM
3107,BURU
3108,HAIN
3109,BBUC
3110,MMP
3111,DASH
3112,SOHU
3113,MTRX
3114,NMRK
3115,ABCL
3116,ZFOX
3117,DMTK
3118,INMD
3119,HEES
3120,RXST
3121,FEIM
3122,GDEN
3123,BFC
3124,LZ
3125,CAAP
3126,KNOP
3127,APT
3128,MCB
3129,RC
3130,MREO
3131,ALEX
3132,EBAY
3133,SNPO
3134,CHMG
3135,MOLN
3136,ACT
3137,RLGT
3138,RFP
3139,HCCI
3140,LITE
3141,AIN
3142,FOA
3143,DM
3144,NWL
3145,VNRX
3146,PFX
3147,ASIX
3148,ACVA
3149,APOG
3150,YI
3151,ORC
3152,MLR
3153,ATGE
3154,MHO
3155,DLB
3156,IHS
3157,ESPR
3158,ORIC
3159,CCCC
3160,VOR
3161,CNSL
3162,VRSN
3163,MUR
3164,UMPQ
3165,NHS
3166,GGAL
3167,HMST
3168,EXPI
3169,HOLX
3170,PEPG
3171,PATK
3172,ASAN
3173,REFR
3174,IBOC
3175,CGC
3176,MRVI
3177,DYN
3178,SYY
3179,VRDN
3180,VRNT
3181,FRGI
3182,ISRG
3183,WB
3184,PTGX
3185,PNT
3186,TRDA
3187,PB
3188,VTVT
3189,EVGO
3190,EVTC
3191,FNCB
3192,SCPH
3193,NKTX
3194,HON
3195,LMDX
3196,AOS
3197,IAG
3198,CLSD
3199,NIU
3200,NEA
3201,SILC
3202,CGA
3203,ARW
3204,SGHC
3205,CMCT
3206,ORGO
3207,YELL
3208,GPRO
3209,FTCH
3210,K
3211,PRME
3212,CHSCP
3213,WTW
3214,PRCH
3215,ING
3216,PARAP
3217,COIN
3218,VTOL
3219,HLN
3220,VHI
3221,IMTX
3222,SJW
3223,NFBK
3224,PNR
3225,AXGN
3226,DQ
3227,BW
3228,TBLA
3229,DINO
3230,TCX
3231,BY
3232,SHO
3233,CENT
3234,UFI
3235,ENS
3236,GCT
3237,AJRD
3238,AAP
3239,J
3240,CBAY
3241,SSBI
3242,GNRC
3243,NKX
3244,RBT
3245,LSCC
3246,CNS
3247,MRO
3248,LYG
3249,RMNI
3250,OPRA
3251,PEP
3252,STTK
3253,SABR
3254,OZK
3255,LUNA
3256,BP
3257,RAIL
3258,GLYC
3259,CAC
3260,LVLU
3261,CIX
3262,BURL
3263,CRI
3264,EIM
3265,SD
3266,ACNB
3267,AXL
3268,BVH
3269,NIE
3270,OLED
3271,AZYO
3272,GMED
3273,SRI
3274,BRKL
3275,OESX
3276,TEF
3277,JOUT
3278,WING
3279,DSGR
3280,AMBA
3281,FFNW
3282,KFY
3283,AVY
3284,ZBRA
3285,LAMR
3286,SFM
3287,PTON
3288,CPF
3289,NCLH
3290,SIRI
3291,BTBT
3292,MED
3293,DTIL
3294,PDEX
3295,LILA
3296,PFC
3297,MRUS
3298,SEEL
3299,LC
3300,HAL
3301,PAY
3302,RPAY
3303,USX
3304,CX
3305,BAK
3306,XENE
3307,APE
3308,NUVA
3309,BLK
3310,BZFD
3311,AUR
3312,SMAR
3313,AY
3314,HIPO
3315,DBRG
3316,CHTR
3317,GME
3318,LNKB
3319,EFX
3320,HTLF
3321,FLR
3322,TBPH
3323,SPNS
3324,FCFS
3325,ETON
3326,FIZZ
3327,ARL
3328,ZTO
3329,PERI
3330,TECH
3331,CIFR
3332,OXSQ
3333,GS
3334,SJT
3335,LSI
3336,TDOC
3337,SKLZ
3338,SNBR
3339,IIVI
3340,CALX
3341,KW
3342,ODV
3343,GIL
3344,OFG
3345,CVS
3346,VIPS
3347,TITN
3348,HBANP
3349,USPH
3350,GBIO
3351,LMAT
3352,EE
3353,NTGR
3354,FRST
3355,CMCM
3356,XXII
3357,ANIP
3358,FIVE
3359,VVI
3360,DKNG
3361,GOOGL
3362,NSTG
3363,KTOS
3364,CJJD
3365,BHFAN
3366,GSK
3367,OPRX
3368,CPRT
3369,NEO
3370,CRC
3371,EHTH
3372,HDB
3373,CXM
3374,INSM
3375,NN
3376,BBCP
3377,LH
3378,ME
3379,APP
3380,CNF
3381,MNK
3382,NRO
3383,BLBD
3384,SPOT
3385,TCOM
3386,ASTE
3387,KULR
3388,IFN
3389,TRU
3390,SMBK
3391,QTWO
3392,NGM
3393,RPHM
3394,TDW
3395,SQM
3396,NTZ
3397,DNLI
3398,SILV
3399,SXT
3400,MAX
3401,MSCI
3402,CVM
3403,AVIR
3404,ACCO
3405,GHC
3406,PRTA
3407,DBI
3408,ABCM
3409,RLYB
3410,SE
3411,FREE
3412,FA
3413,WSR
3414,IHD
3415,SRG
3416,SLP
3417,ATIP
3418,GSM
3419,ZYXI
3420,SNN
3421,SLGC
3422,AB
3423,MHLD
3424,BWB
3425,PFMT
3426,YOU
3427,GGG
3428,AMTX
3429,CHDN
3430,BIDU
3431,EPC
3432,WTI
3433,MICT
3434,OSW
3435,VERV
3436,PLX
3437,PPIH
3438,CAAS
3439,VWE
3440,PAGP
3441,PROK
3442,ISPO
3443,CABA
3444,TXRH
3445,LWLG
3446,IBRX
3447,AVO
3448,ICFI
3449,WSM
3450,LANV
3451,MGI
3452,VERU
3453,COUP
3454,FIVN
3455,EVLV
3456,HYLN
3457,AMPS
3458,CHSCM
3459,NBB
3460,PKOH
3461,TCBI
3462,EPM
3463,RELX
3464,FMBH
3465,PROV
3466,RNG
3467,REPX
3468,NFE
3469,UFCS
3470,ASND
3471,HDSN
3472,FIXX
3473,AVDL
3474,HGLB
3475,HITI
3476,USNA
3477,ABR
3478,TRUP
3479,OLP
3480,PFBC
3481,GLNG
3482,USDP
3483,BBAR
3484,HLLY
3485,HURC
3486,ALG
3487,BATRK
3488,RMBL
3489,TNL
3490,TBI
3491,PRK
3492,FERG
3493,FTAIN
3494,MUFG
3495,OPK
3496,CELU
3497,QSI
3498,SFIX
3499,CLAR
3500,KEP
3501,PATH
3502,ADN
3503,WLDN
3504,UNVR
3505,CRK
3506,MDU
3507,TCBK
3508,CECO
3509,TMST
3510,ITCI
3511,GLTO
3512,PINE
3513,USFD
3514,IMAB
3515,TEVA
3516,PARR
3517,DOMO
3518,APPH
3519,INFU
3520,ARTNA
3521,CXW
3522,LINK
3523,OPFI
3524,MGYR
3525,PNFP
3526,UCTT
3527,CWBC
3528,INTR
3529,ABSI
3530,BF-A
3531,ADAG
3532,PRFT
3533,AMT
3534,VIR
3535,SBCF
3536,RSSS
3537,KOS
3538,ASUR
3539,AU
3540,PRVA
3541,TWKS
3542,ARBE
3543,COKE
3544,PRM
3545,KOF
3546,AMCX
3547,ALPP
3548,PDM
3549,KAMN
3550,ASMB
3551,CIGI
3552,ATUS
3553,GMAB
3554,KOP
3555,DXC
3556,ATNM
3557,PPC
3558,IMO
3559,ZLAB
3560,RSKD
3561,UCBI
3562,STRS
3563,NKLA
3564,PLUG
3565,ZH
3566,MTZ
3567,IRS
3568,NXPI
3569,FSBW
3570,CLBK
3571,TRN
3572,CMPX
3573,PEBO
3574,SOVO
3575,BBLN
3576,TSVT
3577,LRN
3578,ANEB
3579,MGNX
3580,UMH
3581,TLRY
3582,SBAC
3583,TSCO
3584,BN
3585,BUR
3586,WM
3587,SOFI
3588,TOST
3589,ONDS
3590,NEGG
3591,SPCE
3592,EBMT
3593,TALS
3594,STN
3595,FAST
3596,SGA
3597,LCII
3598,ASR
3599,TCRT
3600,HIG
3601,AMTD
3602,UFPI
3603,MSEX
3604,VERA
3605,MHK
3606,STGW
3607,CDRE
3608,FRT
3609,SBR
3610,APEN
3611,LBRDA
3612,RUSHA
3613,BSY
3614,HWBK
3615,TSE
3616,EMR
3617,PRO
3618,CRSR
3619,EGP
3620,VMD
3621,UBSI
3622,PKE
3623,GRC
3624,JLL
3625,INT
3626,OCCI
3627,POST
3628,PM
3629,ENTA
3630,RHP
3631,FCUV
3632,RNLX
3633,MT
3634,RCKY
3635,AFRI
3636,ANIK
3637,THO
3638,OWL
3639,HWC
3640,HOOD
3641,OXY
3642,WLKP
3643,REG
3644,FOCS
3645,AWIN
3646,OUST
3647,CTRE
3648,ECF
3649,XRX
3650,CLW
3651,CRON
3652,EVC
3653,WLK
3654,UBCP
3655,CIM
3656,EMX
3657,YETI
3658,MD
3659,DCO
3660,LCTX
3661,TROX
3662,RUM
3663,BRSP
3664,TRP
3665,INSI
3666,LGIH
3667,WTRG
3668,ELV
3669,QRTEB
3670,CTOS
3671,SUN
3672,SBFG
3673,CRGE
3674,TKR
3675,BRY
3676,MUSA
3677,TNGX
3678,ATHA
3679,INTT
3680,RIGL
3681,AZN
3682,VTRS
3683,MCG
3684,AUY
3685,PWFL
3686,GOGO
3687,SFBC
3688,LII
3689,LEVI
3690,TAL
3691,MORF
3692,EL
3693,OIS
3694,ESBA
3695,DNOW
3696,ASAI
3697,KREF
3698,SEVN
3699,DCOM
3700,EPIX
3701,TELA
3702,GLDG
3703,RVP
3704,BBU
3705,BOKF
3706,JLS
3707,CDIO
3708,CBNK
3709,FGBI
3710,WRLD
3711,ADNT
3712,TJX
3713,VLTA
3714,MOMO
3715,ASYS
3716,PTCT
3717,MX
3718,CDNS
3719,PEB
3720,HTH
3721,ZWS
3722,MYNZ
3723,TIG
3724,LSXMK
3725,CHSCN
3726,INSP
3727,PSO
3728,S
3729,WW
3730,BIIB
3731,JSD
3732,BTU
3733,REXR
3734,AAN
3735,SLNA
3736,SJR
3737,JGH
3738,ESCA
3739,CENN
3740,HSII
3741,NLY
3742,TLYS
3743,IFF
3744,PZZA
3745,CZR
3746,AVPT
3747,SO
3748,VITL
3749,KNX
3750,SIBN
3751,RWAY
3752,NUS
3753,LASR
3754,INVZ
3755,THRX
3756,STLD
3757,CBAT
3758,EGHT
3759,PRLB
3760,PKG
3761,VIGL
3762,RAPT
3763,ARIS
3764,MTB
3765,AMGN
3766,ANET
3767,PPG
3768,NNDM
3769,ZUMZ
3770,OPCH
3771,FATBB
3772,SBI
3773,NWSA
3774,ACAD
3775,ARCB
3776,SNAP
3777,DPRO
3778,ALTI
3779,CBAN
3780,TRGP
3781,ANAB
3782,MCD
3783,TIL
3784,NVEI
3785,TATT
3786,ALXO
3787,MIST
3788,VMW
3789,LAW
3790,RCI
3791,FSTX
3792,UPWK
3793,BKCC
3794,BWMX
3795,SST
3796,IBEX
3797,GNK
3798,PANW
3799,WIX
3800,ICAD
3801,KBR
3802,TURN
3803,ALGS
3804,TMHC
3805,AA
3806,BGSF
3807,KLAC
3808,BILL
3809,LNT
3810,EBR-B
3811,LVOX
3812,GOCO
3813,AKRO
3814,ITUB
3815,AKTS
3816,BYD
3817,CLMB
3818,SLND
3819,NCSM
3820,MANU
3821,DCP
3822,GB
3823,FLO
3824,STRT
3825,SPRY
3826,UBX
3827,UNB
3828,HMN
3829,ERIE
3830,MHUA
3831,YMAB
3832,ARES
3833,KROS
3834,RRGB
3835,GSHD
3836,NGG
3837,STIM
3838,GHG
3839,PBPB
3840,XOMA
3841,FND
3842,GRWG
3843,SSRM
3844,JBL
3845,NFGC
3846,EAF
3847,VOC
3848,BIG
3849,ACEL
3850,DLHC
3851,PCAR
3852,TVTX
3853,RBLX
3854,TSQ
3855,DSP
3856,SRDX
3857,GAIA
3858,OPAL
3859,BALL
3860,PWR
3861,NUE
3862,AQN
3863,AER
3864,YELP
3865,JANX
3866,ASA
3867,NRXP
3868,FPI
3869,FINV
3870,MYGN
3871,SIEB
3872,HUGE
3873,BCLI
3874,AXTA
3875,IVAC
3876,LOAN
3877,INSW
3878,LPTH
3879,PEAR
3880,PXD
3881,SMLP
3882,CPAC
3883,MG
3884,LCUT
3885,NBHC
3886,PHX
3887,BRDG
3888,CHH
3889,FCF
3890,TRMK
3891,DDS
3892,FGEN
3893,AUB
3894,KTB
3895,MNRO
3896,FCNCP
3897,PFE
3898,GNTY
3899,EXEL
3900,KFFB
3901,BBIO
3902,VABK
3903,MCRB
3904,HRZN
3905,HLIO
3906,PDCO
3907,AUGX
3908,FNLC
3909,AROW
3910,CVCY
3911,SKY
3912,CAJ
3913,SMLR
3914,PWP
3915,WCN
3916,SRC
3917,ATLCP
3918,NVTA
3919,SENS
3920,BSVN
3921,BPOP
3922,MANH
3923,AAL
3924,SRE
3925,CLSK
3926,VALE
3927,CSBR
3928,CVBF
3929,FULC
3930,HRTG
3931,INCY
3932,JRVR
3933,ZBH
3934,WBS
3935,CWH
3936,RYAM
3937,GENI
3938,IP
3939,HFWA
3940,FMS
3941,IBN
3942,CAH
3943,STOK
3944,MS
3945,PK
3946,WRK
3947,DADA
3948,AVNS
3949,DIS
3950,MNOV
3951,GIC
3952,UNH
3953,CE
3954,PTVE
3955,ATVI
3956,DORM
3957,RDCM
3958,AEL
3959,EGY
3960,HOFT
3961,UAL
3962,CRDF
3963,UVE
3964,RZLT
3965,AVA
3966,RNR
3967,BEST
3968,MGRC
3969,MRCY
3970,EDF
3971,CNTA
3972,QRVO
3973,REX
3974,EOG
3975,BRW
3976,VSCO
3977,INDB
3978,ACHC
3979,CCOI
3980,SAM
3981,CMLS
3982,LAND
3983,EFC
3984,SQNS
3985,FXLV
3986,FLL
3987,CBD
3988,NEXA
3989,HLI
3990,WMG
3991,LXFR
3992,UIHC
3993,PLD
3994,ETWO
3995,SPT
3996,LU
3997,RFIL
3998,CAR
3999,ZS
4000,ED
4001,AEYE
4002,RBB
4003,NRGX
4004,URGN
4005,TEX
4006,PSNY
4007,INDO
4008,OLLI
4009,TPH
4010,LADR
4011,SONO
4012,ABC
4013,HOMB
4014,IGMS
4015,ACA
4016,CSV
4017,HOPE
4018,ELVT
4019,EVM
4020,MLSS
4021,AMTB
4022,VKTX
4023,BCE
4024,AVRO
4025,SOL
4026,TUYA
4027,PACW
4028,LEGH
4029,TW
4030,CLPT
4031,WAT
4032,NM
4033,HAS
4034,HLF
4035,INGN
4036,ASPN
4037,SMTC
4038,KNSL
4039,RELI
4040,DV
4041,GEL
4042,FUTU
4043,CFG
4044,CERS
4045,GBLI
4046,GSL
4047,JEF
4048,ABNB
4049,ARWR
4050,ALGM
4051,GIS
4052,RERE
4053,CR
4054,CCLD
4055,RAD
4056,PLTR
4057,AMRX
4058,LITB
4059,CMPO
4060,PCGU
4061,VICR
4062,EGO
4063,ASXC
4064,HCC
4065,BHR
4066,CNCE
4067,FYBR
4068,BXSL
4069,NYT
4070,INVA
4071,CVRX
4072,BOWL
4073,CW
4074,EQH
4075,PAC
4076,SCYX
4077,KZR
4078,ESTA
4079,DXPE
4080,SYBT
4081,TOP
4082,PCT
4083,THS
4084,SMRT
4085,SWBI
4086,AME
4087,FARM
4088,AL
4089,TFPM
4090,ELYM
4091,STE
4092,GBX
4093,GDDY
4094,BAM
4095,NTIC
4096,ADAP
4097,WFG
4098,AI
4099,IONS
4100,VOD
4101,ECPG
4102,TRMB
4103,CMCSA
4104,SQSP
4105,ARNC
4106,ETD
4107,ATR
4108,ROKU
4109,COOK
4110,ALPN
4111,BFLY
4112,MGIC
4113,MOGO
4114,HCWB
4115,MLYS
4116,KMB
4117,AVDX
4118,TNXP
4119,BDL
4120,CHD
4121,ALYA
4122,UNP
4123,STAR
4124,PUK
4125,PHUN
4126,ADTH
4127,HRL
4128,RGS
4129,DRD
4130,BRZE
4131,GLW
4132,MLCO
4133,SP
4134,TTEC
4135,UE
4136,MARA
4137,CNK
4138,ZTEK
4139,QRHC
4140,DGHI
4141,AUTL
4142,CTVA
4143,ABT
4144,DAVE
4145,BRP
4146,CLNE
4147,DUK
4148,MASI
4149,ZUO
4150,SATL
4151,OGS
4152,SASR
4153,TRI
4154,MLEC
4155,INCR
4156,CL
4157,KNDI
4158,IDA
4159,TU
4160,OSK
4161,TTE
4162,VINP
4163,AIV
4164,KHC
4165,PYCR
4166,OABI
4167,XEL
4168,UAA
4169,TIXT
4170,RNST
4171,GH
4172,SDGR
4173,CLFD