0,AADI
1,AAIC
2,ABUS
3,ACCD
4,ACHV
5,ACIW
6,ACTG
7,ACU
8,AEHR
9,AENZ
10,AEVA
11,AFL
12,AFRM
13,AGEN
14,AGTI
15,AIT
16,AKYA
17,ALDX
18,ALKT
19,ALRS
20,ALTG
21,ALTO
22,ALVR
23,AMC
24,AMK
25,AMN
26,AMPY
27,AMRK
28,AMRN
29,AMSC
30,ANGO
31,ANSS
32,ANVS
33,AOSL
34,APLE
35,ARAV
36,ARCC
37,ARCE
38,ARC
39,ARE
40,ARGX
41,ARMP
42,AROC
43,ATCX
44,ATER
45,ATRI
46,AVB
47,AVGO
48,AVID
49,AVTA
50,AVT
51,AWR
52,A
53,BAER
54,BAP
55,BATL
56,BATRA
57,BBAI
58,BBBY
59,BBD
60,BCC
61,BDX
62,BEN
63,BFH
64,BGNE
65,BHE
66,BHVN
67,BH
68,BIGC
69,BIO
70,BJRI
71,BKE
72,BLCO
73,BLD
74,BNL
75,BOH
76,BOOT
77,BPMC
78,BRC
79,BROS
80,BTMD
81,BUSE
82,BWMN
83,BYRN
84,CAE
85,CAMP
86,CANO
87,CBFV
88,CBL
89,CBRE
90,CCBG
91,CCJ
92,CCL
93,CDE
94,CEG
95,CEIX
96,CEPU
97,CEQP
98,CFFI
99,CFLT
100,CGEN
101,CGNX
102,CGTX
103,CHGG
104,CHK
105,CINT
106,CIZN
107,CLOV
108,CLS
109,CMBM
110,CMCO
111,CMRX
112,CNX
113,COF
114,COHR
115,COMM
116,COWN
117,CPE
118,CPS
119,CRBU
120,CRDO
121,CRGY
122,CROX
123,CRT
124,CRUS
125,CRWS
126,CSIQ
127,CTG
128,CTLT
129,CTO
130,CTSH
131,CVAC
132,CVI
133,CVLG
134,CVT
135,CWST
136,CWT
137,CYRX
138,CYXT
139,CZOO
140,DAC
141,DAL
142,DBTX
143,DBVT
144,DECK
145,DFH
146,DGICA
147,DHC
148,DHT
149,DISH
150,DLNG
151,DLTR
152,DMRC
153,DOCS
154,DOOR
155,DSEY
156,DT
157,DVA
158,EBIX
159,EDN
160,EEFT
161,EHC
162,ELP
163,EMAN
164,ENR
165,ENVA
166,EPAM
167,EPRT
168,EPR
169,EQNR
170,EQR
171,ERJ
172,ESSA
173,EVBG
174,EVI
175,EVO
176,EXAS
177,EXC
178,EXPD
179,EYEN
180,EZPW
181,E
182,FBK
183,FBMS
184,FBNC
185,FCNCO
186,FCN
187,FCPT
188,FCX
189,FDMT
190,FFIC
191,FHN
192,FLGC
193,FNA
194,FNB
195,FRD
196,FRHC
197,FSM
198,FSP
199,FSV
200,FTS
201,FULT
202,FUNC
203,FUSN
204,GASS
205,GE
206,GFS
207,GHM
208,GILT
209,GKOS
210,GLPG
211,GLRE
212,GOGL
213,GOLD
214,GTLS
215,GTX
216,GWRE
217,HALO
218,HA
219,HBB
220,HBCP
221,HCKT
222,HCSG
223,HEI
224,HEPA
225,HIW
226,HNRG
227,HOG
228,HOUR
229,HOWL
230,HRB
231,HT
232,HUN
233,HURN
234,HUT
235,HXL
236,HYPR
237,IBA
238,ICCM
239,ICE
240,IDYA
241,IESC
242,IGIC
243,IHG
244,ILPT
245,IMXI
246,INSG
247,INZY
248,IOR
249,IRBT
250,IREN
251,ISEE
252,ITIC
253,ITT
254,ITW
255,IVZ
256,JBSS
257,JG
258,JILL
259,JKS
260,JNJ
261,JSPR
262,JWN
263,KC
264,KDP
265,KE
266,KGC
267,KRON
268,KRO
269,KRUS
270,LBRDK
271,LBTYK
272,LEU
273,LFST
274,LGF-B
275,LI
276,LMB
277,LMNR
278,LNZA
279,LPLA
280,LPTX
281,LSEA
282,LSXMA
283,LTBR
284,LUCD
285,LUXH
286,LW
287,LXU
288,LX
289,LYB
290,MATV
291,MBIO
292,MDWT
293,MDXH
294,MEI
295,MFIC
296,MFIN
297,MGNI
298,MIDD
299,MIMO
300,MIRO
301,MIR
302,MKTW
303,MKTX
304,MLNK
305,MNDY
306,MNKD
307,MNMD
308,MNTK
309,MNTX
310,MPWR
311,MRNA
312,MRVL
313,MTD
314,MTNB
315,MTSI
316,MTX
317,MUX
318,MYRG
319,NATH
320,NBTX
321,NCNO
322,NEOG
323,NETI
324,NGD
325,NHC
326,NICE
327,NINE
328,NJR
329,NL
330,NMFC
331,NOC
332,NOVA
333,NPFD
334,NRP
335,NSC
336,NS
337,NTAP
338,NTLA
339,NTNX
340,NTRS
341,NVAX
342,NVGS
343,NVT
344,NXE
345,NYCB
346,OB
347,OCEA
348,OCGN
349,OCSL
350,OC
351,OFC
352,OFIX
353,OFLX
354,OGE
355,OLMA
356,OMAB
357,ONEM
358,OOMA
359,OPY
360,ORLY
361,ORRF
362,O
363,PARA
364,PAR
365,PAYC
366,PBR-A
367,PCB
368,PCG
369,PED
370,PESI
371,PHR
372,PINS
373,PLMR
374,PLM
375,PLNT
376,PLPC
377,POWI
378,PPL
379,PRA
380,PRCT
381,PRGS
382,PRIM
383,PRTH
384,PRTK
385,PRT
386,PSA
387,PUMP
388,PVH
389,PWOD
390,PXS
391,QGEN
392,QURE
393,RADI
394,RAIN
395,RBCAA
396,RDVT
397,RDWR
398,REAX
399,REI
400,REVG
401,REZI
402,RGCO
403,RGC
404,RGP
405,RGR
406,RGTI
407,RITM
408,RJF
409,RLX
410,RL
411,RMD
412,RMR
413,ROAD
414,ROCK
415,ROOT
416,ROST
417,RSVR
418,RTX
419,RVSB
420,RXO
421,RXT
422,RYTM
423,SAGE
424,SAIC
425,SANG
426,SANM
427,SATX
428,SCCO
429,SCHN
430,SEAT
431,SEE
432,SFL
433,SFR
434,SFST
435,SGU
436,SHYF
437,SIGI
438,SKM
439,SLF
440,SLG
441,SLI
442,SLM
443,SMCI
444,SNDX
445,SNPS
446,SNSE
447,SNTI
448,SNV
449,SNX
450,SOTK
451,SPWH
452,SRRK
453,SR
454,STC
455,STEL
456,SUNL
457,SWIM
458,SWX
459,TAYD
460,TBBK
461,TCBX
462,TCI
463,TFC
464,TFII
465,TFSL
466,TGS
467,THRM
468,THRY
469,TLSA
470,TMP
471,TNC
472,TNET
473,TOI
474,TOUR
475,TPL
476,TPX
477,TRVI
478,TTMI
479,TYRA
480,UBS
481,UFPT
482,UMC
483,UNF
484,UONEK
485,UPST
486,URG
487,USLM
488,UUUU
489,UXIN
490,VAC
491,VBIV
492,VC
493,VECO
494,VET
495,VFF
496,VIA
497,VICI
498,VLO
499,VOXX
500,VRCA
501,VRNA
502,VRRM
503,VRTS
504,VRT
505,VUZI
506,WEJO
507,WE
508,WFC
509,WGO
510,WKME
511,WMPN
512,WMS
513,WMT
514,WOLF
515,WOW
516,WPRT
517,WRB
518,WRN
519,WSBC
520,WULF
521,WWD
522,XNCR
523,YJ
524,ZTS
525,ZYME
