0,ACMR
1,ACN
2,ACRE
3,ADNT
4,ADP
5,ADUS
6,ADVM
7,ADV
8,AFYA
9,AIG
10,AIP
11,AIRC
12,AIRS
13,ALB
14,ALGM
15,AMAL
16,AMCR
17,AMH
18,AMRS
19,AMRX
20,AMR
21,AMTB
22,AMX
23,ANNX
24,APPN
25,APPS
26,APTV
27,APT
28,AQN
29,ARBK
30,ARQT
31,ARRY
32,ARW
33,ASB
34,ASIX
35,ASML
36,ASO
37,ASPS
38,ATHM
39,AVNS
40,AVNT
41,AVRO
42,AXGN
43,AXP
44,AXTI
45,BBIO
46,BBWI
47,BCRX
48,BCS
49,BEKE
50,BFS
51,BGFV
52,BHFAM
53,BHP
54,BKD
55,BKH
56,BKI
57,BLMN
58,BLU
59,BMEA
60,BMI
61,BSMX
62,BSRR
63,BSX
64,BWEN
65,BXC
66,BXMT
67,CAJ
68,CALM
69,CAMT
70,CAN
71,CAPL
72,CASS
73,CATO
74,CBNK
75,CBRL
76,CB
77,CCOI
78,CCSI
79,CC
80,CDTX
81,CD
82,CELH
83,CGEM
84,CHCO
85,CHKP
86,CHSCL
87,CHSCM
88,CHT
89,CIA
90,CIDM
91,CIM
92,CJJD
93,CNSL
94,CNTA
95,CNTB
96,COIN
97,COLB
98,COST
99,CRCT
100,CRM
101,CRSP
102,CRSR
103,CR
104,CSGS
105,CSR
106,CSTL
107,CSX
108,CS
109,CTRE
110,CTSO
111,CUTR
112,CVCO
113,CVV
114,CZR
115,CZWI
116,DADA
117,DAN
118,DASH
119,DAWN
120,DBX
121,DCBO
122,DCOM
123,DC
124,DDI
125,DDOG
126,DEA
127,DE
128,DGII
129,DH
130,DLO
131,DLR
132,DOMO
133,DOV
134,DPZ
135,DRCT
136,DRIO
137,DSX
138,DVN
139,DZSI
140,D
141,EAF
142,EBC
143,EBR-B
144,ECL
145,EFXT
146,EHAB
147,EH
148,EMN
149,EMX
150,ENSG
151,ENTG
152,EQX
153,ESI
154,ESMT
155,ESNT
156,ESP
157,ETD
158,ET
159,EVRG
160,EVTL
161,EYE
162,FBIOP
163,FINV
164,FORTY
165,FRO
166,FTK
167,FULC
168,FUN
169,FUTU
170,FVCB
171,FWONA
172,GALT
173,GAMB
174,GCO
175,GCT
176,GHL
177,GIII
178,GLBE
179,GLG
180,GLOB
181,GMED
182,GMGI
183,GM
184,GNLX
185,GNS
186,GOTU
187,GPN
188,GPRK
189,GRC
190,GRVY
191,GSMG
192,HBAN
193,HBIO
194,HBM
195,HCAT
196,HCCI
197,HCM
198,HD
199,HEXO
200,HFBL
201,HFFG
202,HGBL
203,HII
204,HITI
205,HLX
206,HOFV
207,HOLI
208,HPK
209,HRL
210,HSII
211,HTZ
212,HURC
213,HUYA
214,HVT
215,HYW
216,HZO
217,IBN
218,ICLR
219,ICMB
220,ICPT
221,IDCC
222,IDT
223,IEP
224,IE
225,IFRX
226,IFS
227,IHRT
228,IMAX
229,IMGN
230,IMMP
231,IMNM
232,INST
233,INTG
234,INVE
235,IOT
236,IPHA
237,IPI
238,IPWR
239,IRT
240,IRWD
241,IR
242,ISPO
243,ITOS
244,JCI
245,JHX
246,JMIA
247,JNPR
248,JOBY
249,JOUT
250,KA
251,KBAL
252,KBH
253,KBR
254,KRG
255,KROS
256,KT
257,KURA
258,KXIN
259,LAMR
260,LARK
261,LAZR
262,LEA
263,LESL
264,LFCR
265,LHCG
266,LILM
267,LINK
268,LLAP
269,LNG
270,LNTH
271,LOGI
272,LPL
273,LSI
274,LTRPA
275,LUNA
276,LYEL
277,LYG
278,MACK
279,MASS
280,MCD
281,MCK
282,MDB
283,MEG
284,MGI
285,MGTA
286,MIRM
287,MITK
288,MLAB
289,MLR
290,MLYS
291,MMP
292,MODN
293,MOG-A
294,MORF
295,MOV
296,MPLN
297,MP
298,MRNS
299,MRSN
300,MRTN
301,MSB
302,MSCI
303,MSTR
304,MS
305,MTH
306,MT
307,MVO
308,NAPA
309,NARI
310,NEGG
311,NEOV
312,NEXA
313,NI
314,NMG
315,NNBR
316,NODK
317,NOK
318,NOVT
319,NOW
320,NRGV
321,NRIM
322,NRT
323,NUS
324,NUTX
325,NVR
326,NVTA
327,NWSA
328,NWS
329,OABI
330,OBE
331,OCN
332,OGN
333,OGS
334,OMGA
335,OPRT
336,ORGN
337,ORI
338,OSTK
339,OTLY
340,OVV
341,OXM
342,PAGP
343,PAHC
344,PASG
345,PAYA
346,PAYS
347,PBF
348,PBYI
349,PDCO
350,PEP
351,PGNY
352,PIII
353,PLAB
354,PLSE
355,PMCB
356,PMVP
357,PNNT
358,PNW
359,POL
360,POWW
361,PPC
362,PRDS
363,PRGO
364,PRM
365,PSMT
366,PSN
367,PSO
368,PSTX
369,PWR
370,PYR
371,QFIN
372,QRTEA
373,QTRX
374,QUIK
375,RAPT
376,RBC
377,RDN
378,REE
379,REKR
380,RETA
381,RIG
382,RIOT
383,RKDA
384,RMBI
385,ROP
386,RRBI
387,RSI
388,RUSHB
389,RY
390,SACH
391,SAH
392,SAMG
393,SAP
394,SAR
395,SBCF
396,SBFG
397,SBRA
398,SBT
399,SBUX
400,SCHW
401,SCLX
402,SCU
403,SEER
404,SEIC
405,SELB
406,SELF
407,SEMR
408,SG
409,SILV
410,SIRI
411,SKYW
412,SLS
413,SMID
414,SMMF
415,SMPL
416,SMP
417,SNAL
418,SND
419,SPCE
420,SPT
421,SP
422,SRCL
423,SRI
424,SRL
425,SSP
426,SSU
427,SSYS
428,STAA
429,STG
430,STRT
431,STR
432,STXS
433,STZ
434,SUMO
435,SURG
436,SWAV
437,SYBT
438,SYBX
439,SY
440,TARO
441,TA
442,TCN
443,TCPC
444,TCS
445,TDG
446,TDW
447,TD
448,THRX
449,TIMB
450,TLK
451,TLS
452,TM
453,TNDM
454,TPIC
455,TPR
456,TRMK
457,TRU
458,TSEM
459,TSP
460,TS
461,TTGT
462,TWI
463,TWST
464,TW
465,UCBI
466,UE
467,UMBF
468,UNB
469,UNP
470,UNVR
471,UP
472,USIO
473,USX
474,UTZ
475,VABK
476,VALU
477,VEEV
478,VERA
479,VFC
480,VGZ
481,VHI
482,VIAO
483,VIRX
484,VIR
485,VLGEA
486,VNO
487,VOD
488,VRDN
489,VRTX
490,VSAT
491,VSCO
492,VSH
493,VSTM
494,VTR
495,VTS
496,VTVT
497,VVI
498,VYGR
499,WAB
500,WAFD
501,WAT
502,WES
503,WILC
504,WOR
505,WRLD
506,XFOR
507,XHR
508,XPOF
509,XPRO
510,XRX
511,YEXT
512,ZION
513,ZI
514,ZS
515,ZTEK
516,ZWS